ts_recorded,ts_uploaded,obd_rpm,obd_speed,obd_engine_load
2025-05-27T19:00:19.000000Z,2025-05-27T19:00:21.610480Z,1110,60,49
2025-05-27T19:00:49.000000Z,2025-05-27T19:00:51.646604Z,1110,60,49
2025-05-27T19:01:19.000000Z,2025-05-27T19:01:21.500187Z,1110,60,49
2025-05-27T19:01:49.000000Z,2025-05-27T19:01:51.440226Z,1110,60,49
2025-05-27T19:02:19.000000Z,2025-05-27T19:02:21.465011Z,1110,60,49
2025-05-27T19:02:49.000000Z,2025-05-27T19:02:51.167987Z,1110,60,49
2025-05-27T19:03:19.000000Z,2025-05-27T19:03:20.481784Z,1110,60,49
2025-05-27T19:03:49.000000Z,2025-05-27T19:03:51.179099Z,1110,60,49
2025-05-27T19:04:19.000000Z,2025-05-27T19:04:21.563116Z,1110,60,49
2025-05-27T19:04:49.000000Z,2025-05-27T19:04:51.538650Z,1110,60,49
2025-05-27T19:05:19.000000Z,2025-05-27T19:05:21.566762Z,1110,60,49
2025-05-27T19:05:49.000000Z,2025-05-27T19:05:51.971639Z,1110,60,49
2025-05-27T19:06:19.000000Z,2025-05-27T19:06:21.921082Z,1110,60,49
2025-05-27T19:06:49.000000Z,2025-05-27T19:06:52.545878Z,1110,60,49
2025-05-27T19:07:19.000000Z,2025-05-27T19:07:21.332434Z,1110,60,49
2025-05-27T19:07:49.000000Z,2025-05-27T19:07:51.644161Z,1110,60,49
2025-05-27T19:08:19.000000Z,2025-05-27T19:08:21.554686Z,1110,60,49
2025-05-27T19:08:49.000000Z,2025-05-27T19:08:51.434550Z,1110,60,49
2025-05-27T19:09:19.000000Z,2025-05-27T19:09:21.694034Z,1110,60,49
2025-05-27T19:09:49.000000Z,2025-05-27T19:09:51.352175Z,1110,60,49
2025-05-27T19:10:19.000000Z,2025-05-27T19:10:20.363128Z,1110,60,49
2025-05-27T19:10:49.000000Z,2025-05-27T19:10:51.723242Z,1110,60,49
2025-05-27T19:11:19.000000Z,2025-05-27T19:11:21.644707Z,1110,60,49
2025-05-27T19:11:49.000000Z,2025-05-27T19:11:51.649125Z,1110,60,49
2025-05-27T19:12:19.000000Z,2025-05-27T19:12:21.599981Z,1110,60,49
2025-05-27T19:12:49.000000Z,2025-05-27T19:12:51.575889Z,1110,60,49
2025-05-27T19:13:19.000000Z,2025-05-27T19:13:21.556084Z,1110,60,49
2025-05-27T19:13:49.000000Z,2025-05-27T19:13:51.513849Z,1110,60,49
2025-05-27T19:14:19.000000Z,2025-05-27T19:14:21.208158Z,1110,60,49
2025-05-27T19:14:49.000000Z,2025-05-27T19:14:50.978912Z,1110,60,49
2025-05-27T19:15:19.000000Z,2025-05-27T19:15:20.375187Z,1110,60,49
2025-05-27T19:15:49.000000Z,2025-05-27T19:15:51.641233Z,1110,60,49
2025-05-27T19:16:19.000000Z,2025-05-27T19:16:21.769210Z,1110,60,49
2025-05-27T19:16:49.000000Z,2025-05-27T19:16:51.738706Z,1110,60,49
2025-05-27T19:17:19.000000Z,2025-05-27T19:17:21.228543Z,1110,60,49
2025-05-27T19:17:49.000000Z,2025-05-27T19:17:51.632818Z,1110,60,49
2025-05-27T19:18:19.000000Z,2025-05-27T19:18:21.375284Z,1110,60,49
2025-05-27T19:18:49.000000Z,2025-05-27T19:18:51.246067Z,1110,60,49
2025-05-27T19:19:19.000000Z,2025-05-27T19:19:21.149851Z,1110,60,49
2025-05-27T19:19:49.000000Z,2025-05-27T19:19:51.028075Z,1110,60,49
2025-05-27T19:20:19.000000Z,2025-05-27T19:20:21.380329Z,1110,60,49
2025-05-27T19:20:49.000000Z,2025-05-27T19:20:51.435054Z,1110,60,49
2025-05-27T19:21:19.000000Z,2025-05-27T19:21:21.337410Z,1110,60,49
2025-05-27T19:21:49.000000Z,2025-05-27T19:21:50.550511Z,1110,60,49
2025-05-27T19:22:19.000000Z,2025-05-27T19:22:21.621640Z,1110,60,49
2025-05-27T19:22:49.000000Z,2025-05-27T19:22:52.466062Z,1110,60,49
2025-05-27T19:23:19.000000Z,2025-05-27T19:23:22.203723Z,1110,60,49
2025-05-27T19:23:49.000000Z,2025-05-27T19:23:52.075305Z,1110,60,49
2025-05-27T19:24:19.000000Z,2025-05-27T19:24:22.500885Z,1110,60,49
2025-05-27T19:24:49.000000Z,2025-05-27T19:24:51.958209Z,1110,60,49
2025-05-27T19:25:19.000000Z,2025-05-27T19:25:21.895757Z,1110,60,49
2025-05-27T19:25:49.000000Z,2025-05-27T19:25:51.491384Z,1110,60,49
2025-05-27T19:26:19.000000Z,2025-05-27T19:26:21.031303Z,1110,60,49
2025-05-27T19:26:49.000000Z,2025-05-27T19:26:51.783532Z,1110,60,49
2025-05-27T19:27:19.000000Z,2025-05-27T19:27:21.763140Z,1110,60,49
2025-05-27T19:27:49.000000Z,2025-05-27T19:27:51.752890Z,1110,60,49
2025-05-27T19:28:19.000000Z,2025-05-27T19:28:22.297948Z,1110,60,49
2025-05-27T19:28:49.000000Z,2025-05-27T19:28:52.072746Z,1110,60,49
2025-05-27T19:29:19.000000Z,2025-05-27T19:29:22.061528Z,1110,60,49
2025-05-27T19:29:49.000000Z,2025-05-27T19:29:51.737808Z,1110,60,49
2025-05-27T19:30:19.000000Z,2025-05-27T19:30:21.277274Z,1110,60,49
2025-05-27T19:30:49.000000Z,2025-05-27T19:30:52.437217Z,1110,60,49
2025-05-27T19:31:19.000000Z,2025-05-27T19:31:21.920619Z,1110,60,49
2025-05-27T19:31:49.000000Z,2025-05-27T19:31:51.936320Z,1110,60,49
2025-05-27T19:32:19.000000Z,2025-05-27T19:32:21.810908Z,1110,60,49
2025-05-27T19:32:49.000000Z,2025-05-27T19:32:51.890030Z,1110,60,49
2025-05-27T19:33:19.000000Z,2025-05-27T19:33:21.728167Z,1110,60,49
2025-05-27T19:33:49.000000Z,2025-05-27T19:33:51.418902Z,1110,60,49
2025-05-27T19:34:19.000000Z,2025-05-27T19:34:20.924798Z,1110,60,49
2025-05-27T19:34:49.000000Z,2025-05-27T19:34:52.062402Z,1110,60,49
2025-05-27T19:35:19.000000Z,2025-05-27T19:35:22.239061Z,1110,60,49
2025-05-27T19:35:49.000000Z,2025-05-27T19:35:52.029009Z,1110,60,49
2025-05-27T19:36:19.000000Z,2025-05-27T19:36:22.508920Z,1110,60,49
2025-05-27T19:36:49.000000Z,2025-05-27T19:36:51.867188Z,1110,60,49
2025-05-27T19:37:19.000000Z,2025-05-27T19:37:21.979346Z,1110,60,49
2025-05-27T19:37:49.000000Z,2025-05-27T19:37:51.431987Z,1110,60,49
2025-05-27T19:38:19.000000Z,2025-05-27T19:38:21.120459Z,1110,60,49
2025-05-27T19:38:49.000000Z,2025-05-27T19:38:52.146122Z,1110,60,49
2025-05-27T19:39:19.000000Z,2025-05-27T19:39:21.828836Z,1110,60,49
2025-05-27T19:39:49.000000Z,2025-05-27T19:39:52.256212Z,1110,60,49
2025-05-27T19:40:19.000000Z,2025-05-27T19:40:22.171946Z,1110,60,49
2025-05-27T19:40:49.000000Z,2025-05-27T19:40:52.432132Z,1110,60,49
2025-05-27T19:41:19.000000Z,2025-05-27T19:41:22.085776Z,1110,60,49
2025-05-27T19:41:49.000000Z,2025-05-27T19:41:52.122170Z,1110,60,49
2025-05-27T19:43:19.000000Z,2025-05-27T19:43:25.657036Z,1110,60,49
2025-05-27T19:43:49.000000Z,2025-05-27T19:43:50.735674Z,1110,60,49
2025-05-27T19:44:19.000000Z,2025-05-27T19:44:21.445993Z,1110,60,49
2025-05-27T19:44:49.000000Z,2025-05-27T19:44:52.324894Z,1110,60,49
2025-05-27T19:45:19.000000Z,2025-05-27T19:45:21.842704Z,1110,60,49
2025-05-27T19:45:49.000000Z,2025-05-27T19:45:51.823416Z,1110,60,49
2025-05-27T19:46:19.000000Z,2025-05-27T19:46:21.922987Z,1110,60,49
2025-05-27T19:46:49.000000Z,2025-05-27T19:46:50.889770Z,1110,60,49
2025-05-27T19:47:19.000000Z,2025-05-27T19:47:21.291398Z,1110,60,49
2025-05-27T19:47:49.000000Z,2025-05-27T19:47:52.142976Z,1110,60,49
2025-05-27T19:48:19.000000Z,2025-05-27T19:48:22.182965Z,1110,60,49
2025-05-27T19:48:49.000000Z,2025-05-27T19:48:51.282755Z,1110,60,49
2025-05-27T19:49:19.000000Z,2025-05-27T19:49:21.323011Z,1110,60,49
2025-05-27T19:49:49.000000Z,2025-05-27T19:49:51.532316Z,1110,60,49
2025-05-27T19:50:19.000000Z,2025-05-27T19:50:22.102117Z,1110,60,49
2025-05-27T19:50:49.000000Z,2025-05-27T19:50:51.613159Z,1110,60,49
2025-05-27T19:51:19.000000Z,2025-05-27T19:51:21.116347Z,1110,60,49
2025-05-27T19:51:49.000000Z,2025-05-27T19:51:52.050571Z,1110,60,49
2025-05-27T19:52:19.000000Z,2025-05-27T19:52:21.673539Z,1110,60,49
2025-05-27T19:52:49.000000Z,2025-05-27T19:52:51.088831Z,1110,60,49
2025-05-27T19:53:19.000000Z,2025-05-27T19:53:21.762221Z,1110,60,49
2025-05-27T19:55:49.010000Z,2025-05-27T19:55:52.740439Z,0,0,0
2025-05-27T19:56:19.000000Z,2025-05-27T19:56:22.234130Z,0,0,0
2025-05-27T19:56:49.000000Z,2025-05-27T19:56:52.165622Z,0,0,49
2025-05-27T19:57:19.000000Z,2025-05-27T19:57:23.601749Z,0,0,49
2025-05-27T19:57:49.000000Z,2025-05-27T19:57:51.643757Z,0,0,49
2025-05-27T19:58:09.000000Z,2025-05-27T19:58:12.007992Z,1060,0,49
2025-05-27T19:58:11.000000Z,2025-05-27T19:58:13.201284Z,1100,57,49
2025-05-27T19:58:41.000000Z,2025-05-27T19:58:44.304618Z,1100,72,49
2025-05-27T19:59:11.000000Z,2025-05-27T19:59:14.261729Z,1100,72,49
2025-05-27T19:59:41.000000Z,2025-05-27T19:59:44.013192Z,1100,72,49
2025-05-27T20:00:11.000000Z,2025-05-27T20:00:14.219477Z,1100,72,49
2025-05-27T20:00:41.000000Z,2025-05-27T20:00:45.154241Z,1100,72,49
2025-05-27T20:01:11.000000Z,2025-05-27T20:01:13.724453Z,1100,72,49
2025-05-27T20:01:37.000000Z,2025-05-27T20:01:40.628025Z,1209,0,3
2025-05-27T20:01:45.000000Z,2025-05-27T20:01:47.549013Z,1223,1,3
2025-05-27T20:01:52.000000Z,2025-05-27T20:01:55.325416Z,1237,2,4
2025-05-27T20:02:00.000000Z,2025-05-27T20:02:03.625581Z,1251,2,4
2025-05-27T20:02:07.000000Z,2025-05-27T20:02:10.913974Z,1265,3,4
2025-05-27T20:02:15.000000Z,2025-05-27T20:02:18.842372Z,1279,4,5
2025-05-27T20:02:23.000000Z,2025-05-27T20:02:26.676464Z,1293,5,5
2025-05-27T20:02:30.000000Z,2025-05-27T20:02:34.073598Z,1100,6,5
2025-05-27T20:02:38.000000Z,2025-05-27T20:02:40.953307Z,1321,6,5
2025-05-27T20:14:51.000000Z,2025-05-27T20:14:55.464003Z,0,0,0
2025-05-27T20:15:21.000000Z,2025-05-27T20:15:23.636566Z,0,0,0
2025-05-27T20:15:51.000000Z,2025-05-27T20:15:53.753453Z,0,0,0
2025-05-27T20:16:21.000000Z,2025-05-27T20:16:24.106674Z,0,0,0
2025-05-27T20:16:37.000000Z,2025-05-27T20:16:41.006937Z,1010,0,49
2025-05-27T20:16:40.000000Z,2025-05-27T20:16:41.830947Z,1100,51,49
2025-05-27T20:17:00.000000Z,2025-05-27T20:17:09.559609Z,1100,72,49
2025-05-27T20:17:03.000000Z,2025-05-27T20:17:16.301511Z,1100,72,49
2025-05-27T20:17:04.000000Z,2025-05-27T20:17:16.977571Z,1100,72,49
2025-05-27T20:17:06.000000Z,2025-05-27T20:17:17.629576Z,1100,72,49
2025-05-27T20:17:07.000000Z,2025-05-27T20:17:20.542716Z,1100,72,49
2025-05-27T20:17:08.000000Z,2025-05-27T20:17:21.276303Z,1100,72,49
2025-05-27T20:17:09.000000Z,2025-05-27T20:17:22.025239Z,1100,72,49
2025-05-27T20:17:11.000000Z,2025-05-27T20:17:23.269388Z,1100,72,49
2025-05-27T20:17:12.000000Z,2025-05-27T20:17:23.937275Z,1100,72,49
2025-05-27T20:17:13.000000Z,2025-05-27T20:17:24.527873Z,1100,72,49
2025-05-27T20:17:14.000000Z,2025-05-27T20:17:25.168073Z,1100,72,49
2025-05-27T20:17:15.000000Z,2025-05-27T20:17:25.781108Z,1100,72,49
2025-05-27T20:17:16.000000Z,2025-05-27T20:17:26.129456Z,1100,72,49
2025-05-27T20:17:17.000000Z,2025-05-27T20:17:26.467652Z,1100,72,49
2025-05-27T20:17:18.000000Z,2025-05-27T20:17:26.960440Z,1100,72,49
2025-05-27T20:17:19.000000Z,2025-05-27T20:17:27.309391Z,1100,72,49
2025-05-27T20:17:20.000000Z,2025-05-27T20:17:27.646281Z,1100,72,49
2025-05-27T20:17:21.000000Z,2025-05-27T20:17:28.079840Z,1100,72,49
2025-05-27T20:17:22.000000Z,2025-05-27T20:17:28.444662Z,1100,72,49
2025-05-27T20:17:23.000000Z,2025-05-27T20:17:28.858433Z,1100,72,49
2025-05-27T20:17:24.000000Z,2025-05-27T20:17:29.295235Z,1100,72,49
2025-05-27T20:17:25.000000Z,2025-05-27T20:17:29.688235Z,1100,72,49
2025-05-27T20:17:26.000000Z,2025-05-27T20:17:30.166514Z,1100,72,49
2025-05-27T20:17:27.000000Z,2025-05-27T20:17:30.508746Z,1100,72,49
2025-05-27T20:17:28.000000Z,2025-05-27T20:17:30.966351Z,1100,72,49
2025-05-27T20:17:29.000000Z,2025-05-27T20:17:32.637959Z,1100,72,49
2025-05-27T20:17:30.000000Z,2025-05-27T20:17:33.532309Z,1100,72,49
2025-05-27T20:17:31.000000Z,2025-05-27T20:17:34.002088Z,1100,72,49
2025-05-27T20:17:32.000000Z,2025-05-27T20:17:37.900309Z,1100,72,49
2025-05-27T20:17:33.000000Z,2025-05-27T20:17:40.917498Z,1100,72,49
2025-05-27T20:17:34.000000Z,2025-05-27T20:17:45.254489Z,1100,72,49
2025-05-27T20:17:35.000000Z,2025-05-27T20:17:46.279468Z,1100,72,49
2025-05-27T20:17:36.000000Z,2025-05-27T20:17:48.052786Z,1100,72,49
2025-05-27T20:17:37.000000Z,2025-05-27T20:17:48.997917Z,1100,72,49
2025-05-27T20:17:38.000000Z,2025-05-27T20:17:50.350025Z,1100,72,49
2025-05-27T20:17:39.000000Z,2025-05-27T20:17:50.708131Z,1100,72,49
2025-05-27T20:17:40.000000Z,2025-05-27T20:17:54.311359Z,1100,72,49
2025-05-27T20:17:40.010000Z,2025-05-27T20:17:55.278610Z,1203,0,3
2025-05-27T20:17:40.020000Z,2025-05-27T20:17:56.537102Z,1203,0,3
2025-05-27T20:17:40.030000Z,2025-05-27T20:18:00.264290Z,1203,0,3
2025-05-27T20:17:41.000000Z,2025-05-27T20:18:02.440828Z,1203,0,3
2025-05-27T20:17:42.000000Z,2025-05-27T20:18:03.062203Z,1203,0,3
2025-05-27T20:17:43.000000Z,2025-05-27T20:18:05.946616Z,1203,0,3
2025-05-27T20:17:44.000000Z,2025-05-27T20:18:06.362461Z,1203,0,3
2025-05-27T20:17:45.000000Z,2025-05-27T20:18:10.187628Z,1203,0,3
2025-05-27T20:17:46.000000Z,2025-05-27T20:18:13.123342Z,1203,0,3
2025-05-27T20:17:47.000000Z,2025-05-27T20:18:13.537627Z,1203,0,3
2025-05-27T20:17:48.000000Z,2025-05-27T20:18:16.974558Z,1203,0,3
2025-05-27T20:17:48.010000Z,2025-05-27T20:18:17.340075Z,1217,1,3
2025-05-27T20:17:48.020000Z,2025-05-27T20:18:21.141668Z,1217,1,3
2025-05-27T20:17:49.000000Z,2025-05-27T20:18:21.546358Z,1217,1,3
2025-05-27T20:17:50.000000Z,2025-05-27T20:18:24.414047Z,1217,1,3
2025-05-27T20:17:51.000000Z,2025-05-27T20:18:28.048152Z,1217,1,3
2025-05-27T20:17:52.000000Z,2025-05-27T20:18:28.632421Z,1217,1,3
2025-05-27T20:17:53.000000Z,2025-05-27T20:18:30.967729Z,1217,1,3
2025-05-27T20:17:54.000000Z,2025-05-27T20:18:35.276584Z,1217,1,3
2025-05-27T20:17:55.000000Z,2025-05-27T20:18:38.804801Z,1217,1,3
2025-05-27T20:17:56.000000Z,2025-05-27T20:18:42.083229Z,1231,1,4
2025-05-27T20:17:56.010000Z,2025-05-27T20:18:42.595216Z,1231,1,4
2025-05-27T20:17:56.020000Z,2025-05-27T20:18:47.319691Z,1231,1,4
2025-05-27T20:17:57.000000Z,2025-05-27T20:18:47.710598Z,1231,1,4
2025-05-27T20:17:58.000000Z,2025-05-27T20:18:50.144398Z,1231,1,4
2025-05-27T20:17:59.000000Z,2025-05-27T20:18:50.490534Z,1231,1,4
2025-05-27T20:18:00.000000Z,2025-05-27T20:18:52.956072Z,1231,1,4
2025-05-27T20:18:01.000000Z,2025-05-27T20:18:53.381378Z,1231,1,4
2025-05-27T20:18:02.000000Z,2025-05-27T20:18:56.164200Z,1231,1,4
2025-05-27T20:18:03.000000Z,2025-05-27T20:18:56.538071Z,1231,1,4
2025-05-27T20:18:03.010000Z,2025-05-27T20:19:03.402977Z,1100,2,4
2025-05-27T20:18:03.020000Z,2025-05-27T20:19:03.759876Z,1100,2,4
2025-05-27T20:18:04.000000Z,2025-05-27T20:19:13.696027Z,1100,2,4
2025-05-27T20:18:05.000000Z,2025-05-27T20:19:19.235774Z,1100,2,4
2025-05-27T20:18:06.000000Z,2025-05-27T20:19:22.506328Z,1100,2,4
2025-05-27T20:18:07.000000Z,2025-05-27T20:19:29.245862Z,1100,2,4
2025-05-27T20:18:08.000000Z,2025-05-27T20:19:33.153318Z,1100,2,4
2025-05-27T20:18:09.000000Z,2025-05-27T20:19:43.064853Z,1100,2,4
2025-05-27T20:18:10.000000Z,2025-05-27T20:19:52.428417Z,1100,2,4
2025-05-27T20:18:11.000000Z,2025-05-27T20:19:58.351036Z,1100,2,4
2025-05-27T20:18:11.010000Z,2025-05-27T20:20:05.219683Z,1259,3,4
2025-05-27T20:18:11.020000Z,2025-05-27T20:20:08.047987Z,1259,3,4
2025-05-27T20:18:12.000000Z,2025-05-27T20:20:11.306448Z,1259,3,4
2025-05-27T20:18:13.000000Z,2025-05-27T20:20:11.702965Z,1259,3,4
2025-05-27T20:18:14.000000Z,2025-05-27T20:20:18.570949Z,1259,3,4
2025-05-27T20:18:15.000000Z,2025-05-27T20:20:23.033125Z,1259,3,4
2025-05-27T20:18:16.000000Z,2025-05-27T20:20:23.441805Z,1259,3,4
2025-05-27T20:18:17.000000Z,2025-05-27T20:20:27.900256Z,1259,3,4
2025-05-27T20:18:18.000000Z,2025-05-27T20:20:33.285782Z,1259,3,4
2025-05-27T20:18:18.010000Z,2025-05-27T20:20:33.620838Z,1273,4,4
2025-05-27T20:18:18.020000Z,2025-05-27T20:20:44.409082Z,1273,4,4
2025-05-27T20:18:19.000000Z,2025-05-27T20:20:44.508157Z,1273,4,4
2025-05-27T20:18:20.000000Z,2025-05-27T20:20:45.968337Z,1273,4,4
2025-05-27T20:18:21.000000Z,2025-05-27T20:20:46.409039Z,1273,4,4
2025-05-27T20:18:22.000000Z,2025-05-27T20:20:48.676897Z,1273,4,4
2025-05-27T20:18:23.000000Z,2025-05-27T20:20:50.104338Z,1273,4,4
2025-05-27T20:18:24.000000Z,2025-05-27T20:20:52.141772Z,1273,4,4
2025-05-27T20:18:25.000000Z,2025-05-27T20:20:53.473416Z,1273,4,4
2025-05-27T20:18:26.000000Z,2025-05-27T20:20:55.242596Z,1273,4,4
2025-05-27T20:18:26.010000Z,2025-05-27T20:20:57.111470Z,1287,4,5
2025-05-27T20:18:26.020000Z,2025-05-27T20:20:58.068998Z,1287,4,5
2025-05-27T20:18:27.000000Z,2025-05-27T20:21:00.190947Z,1287,4,5
2025-05-27T20:18:28.000000Z,2025-05-27T20:21:03.379202Z,1287,4,5
2025-05-27T20:18:29.000000Z,2025-05-27T20:21:04.747916Z,1287,4,5
2025-05-27T20:18:30.000000Z,2025-05-27T20:21:07.118926Z,1287,4,5
2025-05-27T20:18:31.000000Z,2025-05-27T20:21:09.381995Z,1287,4,5
2025-05-27T20:18:32.000000Z,2025-05-27T20:21:11.998708Z,1287,4,5
2025-05-27T20:18:33.000000Z,2025-05-27T20:21:12.358563Z,1287,4,5
2025-05-27T20:18:33.010000Z,2025-05-27T20:21:16.413587Z,1301,5,5
2025-05-27T20:18:33.020000Z,2025-05-27T20:21:19.418938Z,1301,5,5
2025-05-27T20:18:34.000000Z,2025-05-27T20:21:20.978912Z,1301,5,5
2025-05-27T20:18:35.000000Z,2025-05-27T20:21:22.650516Z,1301,5,5
2025-05-27T20:18:36.000000Z,2025-05-27T20:21:24.462544Z,1301,5,5
2025-05-27T20:18:37.000000Z,2025-05-27T20:21:25.537703Z,1301,5,5
2025-05-27T20:18:38.000000Z,2025-05-27T20:21:28.698538Z,1301,5,5
2025-05-27T20:18:39.000000Z,2025-05-27T20:21:30.473546Z,1301,5,5
2025-05-27T20:18:40.000000Z,2025-05-27T20:21:32.273774Z,1301,5,5
2025-05-27T20:18:41.000000Z,2025-05-27T20:21:35.513242Z,1301,5,5
2025-05-27T20:18:41.010000Z,2025-05-27T20:21:36.006545Z,1315,6,5
2025-05-27T20:18:41.020000Z,2025-05-27T20:21:38.812085Z,1315,6,5
2025-05-27T20:18:42.000000Z,2025-05-27T20:21:41.600380Z,1315,6,5
2025-05-27T20:18:43.000000Z,2025-05-27T20:21:44.903847Z,1315,6,5
2025-05-27T20:18:44.000000Z,2025-05-27T20:21:46.211678Z,1315,6,5
2025-05-27T20:18:45.000000Z,2025-05-27T20:21:48.858610Z,1315,6,5
2025-05-27T20:18:46.000000Z,2025-05-27T20:21:50.224315Z,1315,6,5
2025-05-27T20:18:47.000000Z,2025-05-27T20:21:52.380453Z,1315,6,5
2025-05-27T20:18:48.000000Z,2025-05-27T20:21:55.128375Z,1315,6,5
2025-05-27T20:18:48.010000Z,2025-05-27T20:21:55.568269Z,1329,7,5
2025-05-27T20:18:49.000000Z,2025-05-27T20:22:00.127745Z,1329,7,5
2025-05-27T20:18:50.000000Z,2025-05-27T20:22:01.004888Z,1329,7,5
2025-05-27T20:18:51.000000Z,2025-05-27T20:22:02.694212Z,1329,7,5
2025-05-27T20:18:52.000000Z,2025-05-27T20:22:05.381486Z,1329,7,5
2025-05-27T20:18:53.000000Z,2025-05-27T20:22:09.495278Z,1329,7,5
2025-05-27T20:18:54.000000Z,2025-05-27T20:22:12.209532Z,1329,7,5
2025-05-27T20:18:55.000000Z,2025-05-27T20:22:15.063134Z,1329,7,5
2025-05-27T20:18:56.000000Z,2025-05-27T20:22:16.419224Z,1329,7,5
2025-05-27T20:18:56.010000Z,2025-05-27T20:22:18.864395Z,1343,8,5
2025-05-27T20:18:56.020000Z,2025-05-27T20:22:19.298978Z,1343,8,5
2025-05-27T20:18:57.000000Z,2025-05-27T20:22:24.943202Z,1343,8,5
2025-05-27T20:18:58.000000Z,2025-05-27T20:22:25.956777Z,1343,8,5
2025-05-27T20:18:59.000000Z,2025-05-27T20:22:29.873976Z,1343,8,5
2025-05-27T20:19:00.000000Z,2025-05-27T20:22:33.420997Z,1343,8,5
2025-05-27T20:19:01.000000Z,2025-05-27T20:22:34.956272Z,1343,8,5
2025-05-27T20:19:02.000000Z,2025-05-27T20:22:38.866460Z,1343,8,5
2025-05-27T20:19:03.000000Z,2025-05-27T20:22:41.744678Z,1343,8,5
2025-05-27T20:19:04.000000Z,2025-05-27T20:22:45.620446Z,1343,8,5
2025-05-27T20:19:04.010000Z,2025-05-27T20:22:48.022655Z,1357,8,6
2025-05-27T20:19:04.020000Z,2025-05-27T20:22:51.222707Z,1357,8,6
2025-05-27T20:19:05.000000Z,2025-05-27T20:22:54.230957Z,1357,8,6
2025-05-27T20:19:06.000000Z,2025-05-27T20:22:56.005510Z,1357,8,6
2025-05-27T20:19:07.000000Z,2025-05-27T20:22:59.258814Z,1357,8,6
2025-05-27T20:19:08.000000Z,2025-05-27T20:23:02.352501Z,1357,8,6
2025-05-27T20:19:09.000000Z,2025-05-27T20:23:06.260528Z,1357,8,6
2025-05-27T20:19:10.000000Z,2025-05-27T20:23:10.088732Z,1357,8,6
2025-05-27T20:19:11.000000Z,2025-05-27T20:23:13.798969Z,1357,8,6
2025-05-27T20:19:11.010000Z,2025-05-27T20:23:17.040745Z,1371,9,6
2025-05-27T20:19:11.020000Z,2025-05-27T20:23:21.421283Z,1371,9,6
2025-05-27T20:19:12.000000Z,2025-05-27T20:23:22.345408Z,1371,9,6
2025-05-27T20:19:13.000000Z,2025-05-27T20:23:26.916521Z,1371,9,6
2025-05-27T20:19:14.000000Z,2025-05-27T20:23:30.863033Z,1371,9,6
2025-05-27T20:19:15.000000Z,2025-05-27T20:23:34.013814Z,1371,9,6
2025-05-27T20:19:16.000000Z,2025-05-27T20:23:37.088406Z,1371,9,6
2025-05-27T20:19:17.000000Z,2025-05-27T20:23:40.999789Z,1371,9,6
2025-05-27T20:19:18.000000Z,2025-05-27T20:23:41.953111Z,1371,9,6
2025-05-27T20:19:19.000000Z,2025-05-27T20:23:47.120153Z,1371,9,6
2025-05-27T20:19:19.010000Z,2025-05-27T20:23:50.049692Z,1385,10,6
2025-05-27T20:19:19.020000Z,2025-05-27T20:23:52.693944Z,1385,10,6
2025-05-27T20:19:20.000000Z,2025-05-27T20:23:56.577272Z,1385,10,6
2025-05-27T20:19:21.000000Z,2025-05-27T20:23:57.532174Z,1385,10,6
2025-05-27T20:19:22.000000Z,2025-05-27T20:24:06.014367Z,1385,10,6
2025-05-27T20:19:23.000000Z,2025-05-27T20:24:08.469009Z,1385,10,6
2025-05-27T20:19:24.000000Z,2025-05-27T20:24:11.114861Z,1385,10,6
2025-05-27T20:19:25.000000Z,2025-05-27T20:24:12.029258Z,1385,10,6
2025-05-27T20:19:26.000000Z,2025-05-27T20:24:15.927350Z,1385,10,6
2025-05-27T20:19:26.010000Z,2025-05-27T20:24:21.050946Z,1399,11,6
2025-05-27T20:19:26.020000Z,2025-05-27T20:24:22.106056Z,1399,11,6
2025-05-27T20:19:27.000000Z,2025-05-27T20:24:26.085781Z,1399,11,6
2025-05-27T20:19:28.000000Z,2025-05-27T20:24:29.780112Z,1399,11,6
2025-05-27T20:19:29.000000Z,2025-05-27T20:24:34.661242Z,1399,11,6
2025-05-27T20:19:30.000000Z,2025-05-27T20:24:37.563710Z,1399,11,6
2025-05-27T20:19:31.000000Z,2025-05-27T20:24:40.933972Z,1399,11,6
2025-05-27T20:19:32.000000Z,2025-05-27T20:24:45.498872Z,1399,11,6
2025-05-27T20:19:33.000000Z,2025-05-27T20:24:46.496779Z,1399,11,6
2025-05-27T20:19:34.000000Z,2025-05-27T20:24:50.352227Z,1399,11,6
2025-05-27T20:19:34.010000Z,2025-05-27T20:24:53.274087Z,1413,11,7
2025-05-27T20:19:34.020000Z,2025-05-27T20:24:57.936379Z,1413,11,7
2025-05-27T20:19:35.000000Z,2025-05-27T20:25:02.067272Z,1413,11,7
2025-05-27T20:19:36.000000Z,2025-05-27T20:25:06.483343Z,1413,11,7
2025-05-27T20:19:37.000000Z,2025-05-27T20:25:10.372070Z,1413,11,7
2025-05-27T20:19:38.000000Z,2025-05-27T20:25:13.303536Z,1413,11,7
2025-05-27T20:19:39.000000Z,2025-05-27T20:25:16.929394Z,1413,11,7
2025-05-27T20:19:40.000000Z,2025-05-27T20:25:21.505344Z,1413,11,7
2025-05-27T20:19:41.000000Z,2025-05-27T20:25:24.757558Z,1413,11,7
2025-05-27T20:19:42.000000Z,2025-05-27T20:25:28.373696Z,1427,12,7
2025-05-27T20:19:42.010000Z,2025-05-27T20:25:32.490312Z,1427,12,7
2025-05-27T20:19:42.020000Z,2025-05-27T20:25:33.451366Z,1427,12,7
2025-05-27T20:19:43.000000Z,2025-05-27T20:25:37.451611Z,1427,12,7
2025-05-27T20:19:44.000000Z,2025-05-27T20:25:38.371336Z,1427,12,7
2025-05-27T20:19:45.000000Z,2025-05-27T20:25:42.497150Z,1427,12,7
2025-05-27T20:19:46.000000Z,2025-05-27T20:25:48.829900Z,1427,12,7
2025-05-27T20:19:47.000000Z,2025-05-27T20:26:00.421527Z,1427,12,7
2025-05-27T20:19:48.000000Z,2025-05-27T20:26:06.324293Z,1427,12,7
2025-05-27T20:19:49.000000Z,2025-05-27T20:26:08.737737Z,1427,12,7
2025-05-27T20:19:49.010000Z,2025-05-27T20:26:19.174819Z,1441,13,7
2025-05-27T20:19:49.020000Z,2025-05-27T20:26:26.799232Z,1441,13,7
2025-05-27T20:19:50.000000Z,2025-05-27T20:26:32.501679Z,1441,13,7
2025-05-27T20:19:51.000000Z,2025-05-27T20:26:37.501105Z,1441,13,7
2025-05-27T20:19:52.000000Z,2025-05-27T20:26:43.073553Z,1441,13,7
2025-05-27T20:19:53.000000Z,2025-05-27T20:26:45.619180Z,1441,13,7
2025-05-27T20:19:54.000000Z,2025-05-27T20:26:54.605323Z,1441,13,7
2025-05-27T20:19:55.000000Z,2025-05-27T20:26:58.085256Z,1441,13,7
2025-05-27T20:19:56.000000Z,2025-05-27T20:27:05.450163Z,1441,13,7
2025-05-27T20:19:57.000000Z,2025-05-27T20:27:12.801969Z,1441,13,7
2025-05-27T20:19:57.010000Z,2025-05-27T20:27:18.304584Z,1455,14,7
2025-05-27T20:19:57.020000Z,2025-05-27T20:27:21.716166Z,1455,14,7
2025-05-27T20:19:58.000000Z,2025-05-27T20:27:31.004552Z,1455,14,7
2025-05-27T20:19:59.000000Z,2025-05-27T20:27:32.076281Z,1455,14,7
2025-05-27T20:20:00.000000Z,2025-05-27T20:27:33.558788Z,1455,14,7
2025-05-27T20:20:01.000000Z,2025-05-27T20:27:37.574222Z,1455,14,7
2025-05-27T20:20:02.000000Z,2025-05-27T20:27:38.966643Z,1455,14,7
2025-05-27T20:20:03.000000Z,2025-05-27T20:27:42.376264Z,1455,14,7
2025-05-27T20:20:04.000000Z,2025-05-27T20:27:47.134075Z,1455,14,7
2025-05-27T20:20:04.010000Z,2025-05-27T20:27:47.234139Z,1469,15,7
2025-05-27T20:20:04.020000Z,2025-05-27T20:27:49.964977Z,1469,15,7
2025-05-27T20:20:05.000000Z,2025-05-27T20:27:54.031913Z,1469,15,7
2025-05-27T20:20:06.000000Z,2025-05-27T20:27:57.154587Z,1469,15,7
2025-05-27T20:20:07.000000Z,2025-05-27T20:28:00.923533Z,1469,15,7
2025-05-27T20:20:08.000000Z,2025-05-27T20:28:01.735429Z,1469,15,7
2025-05-27T20:20:09.000000Z,2025-05-27T20:28:07.538989Z,1469,15,7
2025-05-27T20:20:10.000000Z,2025-05-27T20:28:08.323622Z,1469,15,7
2025-05-27T20:20:11.000000Z,2025-05-27T20:28:12.090415Z,1469,15,7
2025-05-27T20:20:12.000000Z,2025-05-27T20:28:15.893690Z,1469,15,7
2025-05-27T20:20:12.010000Z,2025-05-27T20:28:16.742607Z,1483,15,7
2025-05-27T20:20:13.000000Z,2025-05-27T20:28:22.303681Z,1483,15,7
2025-05-27T20:20:14.000000Z,2025-05-27T20:28:26.072987Z,1483,15,7
2025-05-27T20:20:15.000000Z,2025-05-27T20:28:26.996978Z,1483,15,7
2025-05-27T20:20:16.000000Z,2025-05-27T20:28:30.795627Z,1483,15,7
2025-05-27T20:20:17.000000Z,2025-05-27T20:28:35.254166Z,1483,15,7
2025-05-27T20:20:18.000000Z,2025-05-27T20:28:40.115223Z,1483,15,7
2025-05-27T20:20:19.000000Z,2025-05-27T20:28:44.674321Z,1483,15,7
2025-05-27T20:20:19.010000Z,2025-05-27T20:28:48.980481Z,1497,16,8
2025-05-27T20:20:19.020000Z,2025-05-27T20:28:49.762814Z,1497,16,8
2025-05-27T20:20:19.030000Z,2025-05-27T20:28:55.186030Z,1497,16,8
2025-05-27T20:20:20.000000Z,2025-05-27T20:29:00.532871Z,1497,16,8
2025-05-27T20:20:21.000000Z,2025-05-27T20:29:05.116336Z,1497,16,8
2025-05-27T20:20:22.000000Z,2025-05-27T20:29:11.643275Z,1497,16,8
2025-05-27T20:20:23.000000Z,2025-05-27T20:29:15.565418Z,1497,16,8
2025-05-27T20:20:24.000000Z,2025-05-27T20:29:19.444139Z,1497,16,8
2025-05-27T20:20:25.000000Z,2025-05-27T20:29:24.445000Z,1497,16,8
2025-05-27T20:20:26.000000Z,2025-05-27T20:29:25.457256Z,1497,16,8
2025-05-27T20:20:27.000000Z,2025-05-27T20:29:28.790458Z,1497,16,8
2025-05-27T20:20:27.010000Z,2025-05-27T20:29:32.469905Z,1511,17,8
2025-05-27T20:20:27.020000Z,2025-05-27T20:29:33.500873Z,1511,17,8
2025-05-27T20:20:28.000000Z,2025-05-27T20:29:39.042511Z,1511,17,8
2025-05-27T20:20:29.000000Z,2025-05-27T20:29:40.003712Z,1511,17,8
2025-05-27T20:20:30.000000Z,2025-05-27T20:29:45.400783Z,1511,17,8
2025-05-27T20:20:31.000000Z,2025-05-27T20:29:46.408512Z,1511,17,8
2025-05-27T20:20:32.000000Z,2025-05-27T20:29:46.933567Z,1511,17,8
2025-05-27T20:20:33.000000Z,2025-05-27T20:29:47.355382Z,1511,17,8
2025-05-27T20:20:34.000000Z,2025-05-27T20:29:47.835451Z,1511,17,8
2025-05-27T20:20:35.000000Z,2025-05-27T20:29:48.243081Z,1511,17,8
2025-05-27T20:20:35.010000Z,2025-05-27T20:29:48.644150Z,1525,18,8
2025-05-27T20:20:35.020000Z,2025-05-27T20:29:49.151582Z,1525,18,8
2025-05-27T20:20:36.000000Z,2025-05-27T20:29:49.559431Z,1525,18,8
2025-05-27T20:20:37.000000Z,2025-05-27T20:29:50.049271Z,1525,18,8
2025-05-27T20:20:38.000000Z,2025-05-27T20:29:53.503157Z,1525,18,8
2025-05-27T20:20:39.000000Z,2025-05-27T20:29:55.098192Z,1525,18,8
2025-05-27T20:20:40.000000Z,2025-05-27T20:29:55.617798Z,1525,18,8
2025-05-27T20:20:41.000000Z,2025-05-27T20:29:56.147505Z,1525,18,8
2025-05-27T20:20:42.000000Z,2025-05-27T20:29:56.450515Z,1525,18,8
2025-05-27T20:20:42.010000Z,2025-05-27T20:29:56.895752Z,1539,18,9
2025-05-27T20:20:42.020000Z,2025-05-27T20:29:57.243341Z,1539,18,9
2025-05-27T20:20:43.000000Z,2025-05-27T20:29:57.553221Z,1539,18,9
2025-05-27T20:20:44.000000Z,2025-05-27T20:29:57.958469Z,1539,18,9
2025-05-27T20:20:45.000000Z,2025-05-27T20:29:58.388601Z,1539,18,9
2025-05-27T20:20:46.000000Z,2025-05-27T20:29:58.843131Z,1539,18,9
2025-05-27T20:20:47.000000Z,2025-05-27T20:29:59.217467Z,1539,18,9
2025-05-27T20:20:48.000000Z,2025-05-27T20:29:59.554271Z,1539,18,9
2025-05-27T20:20:49.000000Z,2025-05-27T20:29:59.987797Z,1539,18,9
2025-05-27T20:20:50.000000Z,2025-05-27T20:30:00.372485Z,1539,18,9
2025-05-27T20:20:50.010000Z,2025-05-27T20:30:00.842926Z,1553,19,9
2025-05-27T20:20:50.020000Z,2025-05-27T20:30:01.202544Z,1553,19,9
2025-05-27T20:20:51.000000Z,2025-05-27T20:30:01.650759Z,1553,19,9
2025-05-27T20:20:52.000000Z,2025-05-27T20:30:01.996293Z,1553,19,9
2025-05-27T20:20:53.000000Z,2025-05-27T20:30:02.377301Z,1553,19,9
2025-05-27T20:20:54.000000Z,2025-05-27T20:30:02.843547Z,1553,19,9
2025-05-27T20:20:55.000000Z,2025-05-27T20:30:03.201245Z,1553,19,9
2025-05-27T20:20:56.000000Z,2025-05-27T20:30:03.773390Z,1553,19,9
2025-05-27T20:20:57.000000Z,2025-05-27T20:30:04.137668Z,1553,19,9
2025-05-27T20:20:57.010000Z,2025-05-27T20:30:06.863561Z,1567,20,9
2025-05-27T20:20:57.020000Z,2025-05-27T20:30:07.234248Z,1567,20,9
2025-05-27T20:20:58.000000Z,2025-05-27T20:30:07.597400Z,1567,20,9
2025-05-27T20:20:59.000000Z,2025-05-27T20:30:08.058654Z,1567,20,9
2025-05-27T20:21:00.000000Z,2025-05-27T20:30:08.406145Z,1567,20,9
2025-05-27T20:21:01.000000Z,2025-05-27T20:30:08.896928Z,1567,20,9
2025-05-27T20:21:02.000000Z,2025-05-27T20:30:09.252002Z,1567,20,9
2025-05-27T20:21:03.000000Z,2025-05-27T20:30:09.629664Z,1567,20,9
2025-05-27T20:21:04.000000Z,2025-05-27T20:30:10.078089Z,1567,20,9
2025-05-27T20:21:05.000000Z,2025-05-27T20:30:11.065302Z,1567,20,9
2025-05-27T20:21:05.010000Z,2025-05-27T20:30:11.424425Z,1581,21,9
2025-05-27T20:21:05.020000Z,2025-05-27T20:30:11.877571Z,1581,21,9
2025-05-27T20:21:06.000000Z,2025-05-27T20:30:12.266903Z,1581,21,9
2025-05-27T20:21:07.000000Z,2025-05-27T20:30:12.609251Z,1581,21,9
2025-05-27T20:21:08.000000Z,2025-05-27T20:30:13.106370Z,1581,21,9
2025-05-27T20:21:09.000000Z,2025-05-27T20:30:13.462596Z,1581,21,9
2025-05-27T20:21:10.000000Z,2025-05-27T20:30:13.939269Z,1581,21,9
2025-05-27T20:21:11.000000Z,2025-05-27T20:30:14.304401Z,1581,21,9
2025-05-27T20:21:12.000000Z,2025-05-27T20:30:14.635185Z,1581,21,9
2025-05-27T20:21:13.000000Z,2025-05-27T20:30:15.579516Z,1595,22,9
2025-05-27T20:21:13.010000Z,2025-05-27T20:30:16.036275Z,1595,22,9
2025-05-27T20:21:13.020000Z,2025-05-27T20:30:16.377531Z,1595,22,9
2025-05-27T20:21:14.000000Z,2025-05-27T20:30:16.832709Z,1595,22,9
2025-05-27T20:21:15.000000Z,2025-05-27T20:30:17.201130Z,1595,22,9
2025-05-27T20:21:16.000000Z,2025-05-27T20:30:17.571574Z,1595,22,9
2025-05-27T20:21:17.000000Z,2025-05-27T20:30:20.200048Z,1595,22,9
2025-05-27T20:21:18.000000Z,2025-05-27T20:30:20.518841Z,1595,22,9
2025-05-27T20:21:19.000000Z,2025-05-27T20:30:20.997436Z,1595,22,9
2025-05-27T20:21:20.000000Z,2025-05-27T20:30:21.377512Z,1595,22,9
2025-05-27T20:21:20.010000Z,2025-05-27T20:30:21.778779Z,1609,22,9
2025-05-27T20:21:21.000000Z,2025-05-27T20:30:22.160093Z,1609,22,9
2025-05-27T20:21:22.000000Z,2025-05-27T20:30:22.467649Z,1609,22,9
2025-05-27T20:21:23.000000Z,2025-05-27T20:30:22.948413Z,1609,22,9
2025-05-27T20:21:24.000000Z,2025-05-27T20:30:23.345954Z,1609,22,9
2025-05-27T20:21:25.000000Z,2025-05-27T20:30:23.694507Z,1609,22,9
2025-05-27T20:21:26.000000Z,2025-05-27T20:30:24.253852Z,1609,22,9
2025-05-27T20:21:27.000000Z,2025-05-27T20:30:24.603431Z,1609,22,9
2025-05-27T20:21:28.000000Z,2025-05-27T20:30:25.129164Z,1609,22,9
2025-05-27T20:21:28.010000Z,2025-05-27T20:30:25.520730Z,1623,23,10
2025-05-27T20:21:28.020000Z,2025-05-27T20:30:25.982681Z,1623,23,10
2025-05-27T20:21:28.030000Z,2025-05-27T20:30:26.385886Z,1623,23,10
2025-05-27T20:21:29.000000Z,2025-05-27T20:30:26.922845Z,1623,23,10
2025-05-27T20:21:30.000000Z,2025-05-27T20:30:27.310413Z,1623,23,10
2025-05-27T20:21:31.000000Z,2025-05-27T20:30:27.683717Z,1623,23,10
2025-05-27T20:21:32.000000Z,2025-05-27T20:30:28.572683Z,1623,23,10
2025-05-27T20:21:33.000000Z,2025-05-27T20:30:29.174348Z,1623,23,10
2025-05-27T20:21:34.000000Z,2025-05-27T20:30:29.544677Z,1623,23,10
2025-05-27T20:21:35.000000Z,2025-05-27T20:30:30.055712Z,1623,23,10
2025-05-27T20:21:35.010000Z,2025-05-27T20:30:33.924772Z,1637,24,10
2025-05-27T20:21:35.020000Z,2025-05-27T20:30:34.346179Z,1637,24,10
2025-05-27T20:21:36.000000Z,2025-05-27T20:30:34.826995Z,1637,24,10
2025-05-27T20:21:37.000000Z,2025-05-27T20:30:35.242485Z,1637,24,10
2025-05-27T20:21:38.000000Z,2025-05-27T20:30:35.570593Z,1637,24,10
2025-05-27T20:21:39.000000Z,2025-05-27T20:30:36.037092Z,1637,24,10
2025-05-27T20:21:40.000000Z,2025-05-27T20:30:36.399293Z,1637,24,10
2025-05-27T20:21:41.000000Z,2025-05-27T20:30:36.867403Z,1637,24,10
2025-05-27T20:21:42.000000Z,2025-05-27T20:30:37.277247Z,1637,24,10
2025-05-27T20:21:43.000000Z,2025-05-27T20:30:37.629197Z,1637,24,10
2025-05-27T20:21:43.010000Z,2025-05-27T20:30:38.142257Z,1651,25,10
2025-05-27T20:21:43.020000Z,2025-05-27T20:30:38.503450Z,1651,25,10
2025-05-27T20:21:44.000000Z,2025-05-27T20:30:39.026606Z,1651,25,10
2025-05-27T20:21:45.000000Z,2025-05-27T20:30:39.442733Z,1651,25,10
2025-05-27T20:21:46.000000Z,2025-05-27T20:30:39.941150Z,1651,25,10
2025-05-27T20:21:47.000000Z,2025-05-27T20:30:40.306823Z,1651,25,10
2025-05-27T20:21:48.000000Z,2025-05-27T20:30:40.789645Z,1651,25,10
2025-05-27T20:21:49.000000Z,2025-05-27T20:30:41.166224Z,1651,25,10
2025-05-27T20:21:50.000000Z,2025-05-27T20:30:41.555194Z,1651,25,10
2025-05-27T20:21:50.010000Z,2025-05-27T20:30:42.063423Z,1665,25,10
2025-05-27T20:21:51.000000Z,2025-05-27T20:30:42.457621Z,1665,25,10
2025-05-27T20:21:52.000000Z,2025-05-27T20:30:42.907962Z,1665,25,10
2025-05-27T20:21:53.000000Z,2025-05-27T20:30:43.313633Z,1665,25,10
2025-05-27T20:21:54.000000Z,2025-05-27T20:30:43.813172Z,1665,25,10
2025-05-27T20:21:55.000000Z,2025-05-27T20:30:47.838320Z,1665,25,10
2025-05-27T20:21:56.000000Z,2025-05-27T20:30:48.264340Z,1665,25,10
2025-05-27T20:21:57.000000Z,2025-05-27T20:30:48.591216Z,1665,25,10
2025-05-27T20:21:58.000000Z,2025-05-27T20:30:49.071210Z,1665,25,10
2025-05-27T20:21:58.010000Z,2025-05-27T20:30:49.468816Z,1679,26,10
2025-05-27T20:21:58.020000Z,2025-05-27T20:30:50.014401Z,1679,26,10
2025-05-27T20:21:59.000000Z,2025-05-27T20:30:50.395553Z,1679,26,10
2025-05-27T20:22:00.000000Z,2025-05-27T20:30:50.876763Z,1679,26,10
2025-05-27T20:22:01.000000Z,2025-05-27T20:30:51.290328Z,1679,26,10
2025-05-27T20:22:02.000000Z,2025-05-27T20:30:51.629676Z,1679,26,10
2025-05-27T20:22:03.000000Z,2025-05-27T20:30:52.145701Z,1679,26,10
2025-05-27T20:22:04.000000Z,2025-05-27T20:30:52.489064Z,1679,26,10
2025-05-27T20:22:05.000000Z,2025-05-27T20:30:52.950146Z,1679,26,10
2025-05-27T20:22:06.000000Z,2025-05-27T20:30:53.328285Z,1679,26,10
2025-05-27T20:22:06.010000Z,2025-05-27T20:30:53.670890Z,1693,27,11
2025-05-27T20:22:06.020000Z,2025-05-27T20:30:54.169046Z,1693,27,11
2025-05-27T20:22:06.030000Z,2025-05-27T20:30:54.527033Z,1693,27,11
2025-05-27T20:22:07.000000Z,2025-05-27T20:30:55.117743Z,1693,27,11
2025-05-27T20:22:08.000000Z,2025-05-27T20:30:55.579459Z,1693,27,11
2025-05-27T20:22:09.000000Z,2025-05-27T20:30:56.068840Z,1693,27,11
2025-05-27T20:22:10.000000Z,2025-05-27T20:30:56.562126Z,1693,27,11
2025-05-27T20:22:11.000000Z,2025-05-27T20:30:56.946248Z,1693,27,11
2025-05-27T20:22:12.000000Z,2025-05-27T20:30:59.655272Z,1693,27,11
2025-05-27T20:22:13.000000Z,2025-05-27T20:31:00.275248Z,1693,27,11
2025-05-27T20:22:13.010000Z,2025-05-27T20:31:00.630859Z,1707,28,11
2025-05-27T20:22:13.020000Z,2025-05-27T20:31:01.362624Z,1707,28,11
2025-05-27T20:22:14.000000Z,2025-05-27T20:31:01.533959Z,1707,28,11
2025-05-27T20:22:15.000000Z,2025-05-27T20:31:02.445258Z,1707,28,11
2025-05-27T20:22:16.000000Z,2025-05-27T20:31:02.956478Z,1707,28,11
2025-05-27T20:22:17.000000Z,2025-05-27T20:31:03.367108Z,1707,28,11
2025-05-27T20:22:18.000000Z,2025-05-27T20:31:03.859639Z,1707,28,11
2025-05-27T20:22:19.000000Z,2025-05-27T20:31:04.678662Z,1707,28,11
2025-05-27T20:22:20.000000Z,2025-05-27T20:31:05.641617Z,1707,28,11
2025-05-27T20:22:21.000000Z,2025-05-27T20:31:06.929942Z,1721,28,11
2025-05-27T20:22:21.010000Z,2025-05-27T20:31:07.332929Z,1721,28,11
2025-05-27T20:22:22.000000Z,2025-05-27T20:31:07.823629Z,1721,28,11
2025-05-27T20:22:23.000000Z,2025-05-27T20:31:08.160763Z,1721,28,11
2025-05-27T20:22:24.000000Z,2025-05-27T20:31:08.538338Z,1721,28,11
2025-05-27T20:22:25.000000Z,2025-05-27T20:31:09.019200Z,1721,28,11
2025-05-27T20:22:26.000000Z,2025-05-27T20:31:09.369376Z,1721,28,11
2025-05-27T20:22:27.000000Z,2025-05-27T20:31:09.876236Z,1721,28,11
2025-05-27T20:22:28.000000Z,2025-05-27T20:31:10.310051Z,1721,28,11
2025-05-27T20:22:28.010000Z,2025-05-27T20:31:10.672141Z,1735,29,11
2025-05-27T20:22:28.020000Z,2025-05-27T20:31:11.170933Z,1735,29,11
2025-05-27T20:22:29.000000Z,2025-05-27T20:31:11.554163Z,1735,29,11
2025-05-27T20:22:30.000000Z,2025-05-27T20:31:12.025084Z,1735,29,11
2025-05-27T20:22:31.000000Z,2025-05-27T20:31:13.294626Z,1735,29,11
2025-05-27T20:22:32.000000Z,2025-05-27T20:31:13.648766Z,1735,29,11
2025-05-27T20:22:33.000000Z,2025-05-27T20:31:17.952458Z,1735,29,11
2025-05-27T20:22:34.000000Z,2025-05-27T20:31:18.270696Z,1735,29,11
2025-05-27T20:22:35.000000Z,2025-05-27T20:31:18.634009Z,1735,29,11
2025-05-27T20:22:36.000000Z,2025-05-27T20:31:18.982940Z,1735,29,11
2025-05-27T20:22:36.010000Z,2025-05-27T20:31:19.313027Z,1749,30,12
2025-05-27T20:22:36.020000Z,2025-05-27T20:31:19.677376Z,1749,30,12
2025-05-27T20:22:36.030000Z,2025-05-27T20:31:20.041334Z,1749,30,12
2025-05-27T20:22:37.000000Z,2025-05-27T20:31:20.405519Z,1749,30,12
2025-05-27T20:22:38.000000Z,2025-05-27T20:31:20.784114Z,1749,30,12
2025-05-27T20:22:39.000000Z,2025-05-27T20:31:21.175882Z,1749,30,12
2025-05-27T20:22:40.000000Z,2025-05-27T20:31:21.534098Z,1749,30,12
2025-05-27T20:22:41.000000Z,2025-05-27T20:31:21.926328Z,1749,30,12
2025-05-27T20:22:42.000000Z,2025-05-27T20:31:22.321636Z,1749,30,12
2025-05-27T20:22:43.000000Z,2025-05-27T20:31:22.814476Z,1749,30,12
2025-05-27T20:22:44.000000Z,2025-05-27T20:31:24.264522Z,1763,31,12
2025-05-27T20:22:44.010000Z,2025-05-27T20:31:24.681545Z,1763,31,12
2025-05-27T20:22:44.020000Z,2025-05-27T20:31:25.123538Z,1763,31,12
2025-05-27T20:22:45.000000Z,2025-05-27T20:31:25.546308Z,1763,31,12
2025-05-27T20:22:46.000000Z,2025-05-27T20:31:25.961069Z,1763,31,12
2025-05-27T20:22:47.000000Z,2025-05-27T20:31:26.356195Z,1763,31,12
2025-05-27T20:22:48.000000Z,2025-05-27T20:31:26.778478Z,1763,31,12
2025-05-27T20:22:49.000000Z,2025-05-27T20:31:27.204592Z,1763,31,12
2025-05-27T20:22:50.000000Z,2025-05-27T20:31:28.121004Z,1763,31,12
2025-05-27T20:22:51.000000Z,2025-05-27T20:31:28.532375Z,1763,31,12
2025-05-27T20:22:51.010000Z,2025-05-27T20:31:28.935309Z,1777,32,12
2025-05-27T20:22:51.020000Z,2025-05-27T20:31:29.310210Z,1777,32,12
2025-05-27T20:22:52.000000Z,2025-05-27T20:31:29.744134Z,1777,32,12
2025-05-27T20:22:53.000000Z,2025-05-27T20:31:30.108606Z,1777,32,12
2025-05-27T20:22:54.000000Z,2025-05-27T20:31:30.489314Z,1777,32,12
2025-05-27T20:22:55.000000Z,2025-05-27T20:31:30.883038Z,1777,32,12
2025-05-27T20:22:56.000000Z,2025-05-27T20:31:31.315979Z,1777,32,12
2025-05-27T20:22:57.000000Z,2025-05-27T20:31:31.701722Z,1777,32,12
2025-05-27T20:22:58.000000Z,2025-05-27T20:31:32.061532Z,1777,32,12
2025-05-27T20:22:59.000000Z,2025-05-27T20:31:32.457177Z,1777,32,12
2025-05-27T20:22:59.010000Z,2025-05-27T20:31:32.963965Z,1791,32,12
2025-05-27T20:23:00.000000Z,2025-05-27T20:31:33.330974Z,1791,32,12
2025-05-27T20:23:01.000000Z,2025-05-27T20:31:33.741886Z,1791,32,12
2025-05-27T20:23:02.000000Z,2025-05-27T20:31:34.111361Z,1791,32,12
2025-05-27T20:23:03.000000Z,2025-05-27T20:31:34.511142Z,1791,32,12
2025-05-27T20:23:04.000000Z,2025-05-27T20:31:34.904186Z,1791,32,12
2025-05-27T20:23:05.000000Z,2025-05-27T20:31:35.312526Z,1791,32,12
2025-05-27T20:23:06.000000Z,2025-05-27T20:31:35.662501Z,1791,32,12
2025-05-27T20:23:06.010000Z,2025-05-27T20:31:36.064991Z,1805,33,12
2025-05-27T20:23:06.020000Z,2025-05-27T20:31:36.411060Z,1805,33,12
2025-05-27T20:23:07.000000Z,2025-05-27T20:31:36.813151Z,1805,33,12
2025-05-27T20:23:08.000000Z,2025-05-27T20:31:37.183293Z,1805,33,12
2025-05-27T20:23:09.000000Z,2025-05-27T20:31:37.582555Z,1805,33,12
2025-05-27T20:23:10.000000Z,2025-05-27T20:31:38.285253Z,1805,33,12
2025-05-27T20:23:11.000000Z,2025-05-27T20:31:38.510719Z,1805,33,12
2025-05-27T20:23:12.000000Z,2025-05-27T20:31:38.831094Z,1805,33,12
2025-05-27T20:23:13.000000Z,2025-05-27T20:31:39.241243Z,1805,33,12
2025-05-27T20:23:14.000000Z,2025-05-27T20:31:39.620436Z,1805,33,12
2025-05-27T20:23:14.010000Z,2025-05-27T20:31:40.049933Z,1819,34,13
2025-05-27T20:23:14.020000Z,2025-05-27T20:31:40.410546Z,1819,34,13
2025-05-27T20:23:14.030000Z,2025-05-27T20:31:40.823942Z,1819,34,13
2025-05-27T20:23:15.000000Z,2025-05-27T20:31:41.205912Z,1819,34,13
2025-05-27T20:23:16.000000Z,2025-05-27T20:31:41.607813Z,1819,34,13
2025-05-27T20:23:17.000000Z,2025-05-27T20:31:42.041080Z,1819,34,13
2025-05-27T20:23:18.000000Z,2025-05-27T20:31:42.409709Z,1819,34,13
2025-05-27T20:23:19.000000Z,2025-05-27T20:31:42.820760Z,1819,34,13
2025-05-27T20:23:20.000000Z,2025-05-27T20:31:43.308488Z,1819,34,13
2025-05-27T20:23:21.000000Z,2025-05-27T20:31:43.670752Z,1819,34,13
2025-05-27T20:23:21.010000Z,2025-05-27T20:31:44.079785Z,1833,35,13
2025-05-27T20:23:21.020000Z,2025-05-27T20:31:44.449446Z,1833,35,13
2025-05-27T20:23:22.000000Z,2025-05-27T20:31:44.846703Z,1833,35,13
2025-05-27T20:23:23.000000Z,2025-05-27T20:31:45.199250Z,1833,35,13
2025-05-27T20:23:24.000000Z,2025-05-27T20:31:45.579523Z,1833,35,13
2025-05-27T20:23:25.000000Z,2025-05-27T20:31:45.947503Z,1833,35,13
2025-05-27T20:23:26.000000Z,2025-05-27T20:31:46.308305Z,1833,35,13
2025-05-27T20:23:27.000000Z,2025-05-27T20:31:46.658445Z,1833,35,13
2025-05-27T20:23:28.000000Z,2025-05-27T20:31:47.064087Z,1833,35,13
2025-05-27T20:23:29.000000Z,2025-05-27T20:31:47.432239Z,1833,35,13
2025-05-27T20:23:29.010000Z,2025-05-27T20:31:47.834246Z,1847,36,13
2025-05-27T20:23:29.020000Z,2025-05-27T20:31:48.728386Z,1847,36,13
2025-05-27T20:23:30.000000Z,2025-05-27T20:31:49.117862Z,1847,36,13
2025-05-27T20:23:31.000000Z,2025-05-27T20:31:49.454864Z,1847,36,13
2025-05-27T20:23:32.000000Z,2025-05-27T20:31:49.825088Z,1847,36,13
2025-05-27T20:23:33.000000Z,2025-05-27T20:31:50.186244Z,1847,36,13
2025-05-27T20:23:34.000000Z,2025-05-27T20:31:50.576171Z,1847,36,13
2025-05-27T20:23:35.000000Z,2025-05-27T20:31:50.950359Z,1847,36,13
2025-05-27T20:23:36.000000Z,2025-05-27T20:31:51.320086Z,1847,36,13
2025-05-27T20:23:37.000000Z,2025-05-27T20:31:51.673870Z,1861,36,13
2025-05-27T20:23:37.010000Z,2025-05-27T20:31:52.068369Z,1861,36,13
2025-05-27T20:23:38.000000Z,2025-05-27T20:31:52.423537Z,1861,36,13
2025-05-27T20:23:39.000000Z,2025-05-27T20:31:52.810507Z,1861,36,13
2025-05-27T20:23:40.000000Z,2025-05-27T20:31:53.157779Z,1861,36,13
2025-05-27T20:23:41.000000Z,2025-05-27T20:31:53.601792Z,1861,36,13
2025-05-27T20:23:42.000000Z,2025-05-27T20:31:53.989477Z,1861,36,13
2025-05-27T20:23:43.000000Z,2025-05-27T20:31:54.358689Z,1861,36,13
2025-05-27T20:23:44.000000Z,2025-05-27T20:31:54.799258Z,1861,36,13
2025-05-27T20:23:44.010000Z,2025-05-27T20:31:55.251677Z,1875,37,14
2025-05-27T20:23:44.020000Z,2025-05-27T20:31:55.669944Z,1875,37,14
2025-05-27T20:23:44.030000Z,2025-05-27T20:31:56.194110Z,1875,37,14
2025-05-27T20:23:45.000000Z,2025-05-27T20:31:56.433872Z,1875,37,14
2025-05-27T20:23:46.000000Z,2025-05-27T20:31:56.831595Z,1875,37,14
2025-05-27T20:23:47.000000Z,2025-05-27T20:31:57.257636Z,1875,37,14
2025-05-27T20:23:48.000000Z,2025-05-27T20:31:57.622931Z,1875,37,14
2025-05-27T20:23:49.000000Z,2025-05-27T20:31:58.060699Z,1875,37,14
2025-05-27T20:23:50.000000Z,2025-05-27T20:31:58.502027Z,1875,37,14
2025-05-27T20:23:51.000000Z,2025-05-27T20:31:58.902769Z,1875,37,14
2025-05-27T20:23:52.000000Z,2025-05-27T20:31:59.308574Z,1875,37,14
2025-05-27T20:23:52.010000Z,2025-05-27T20:31:59.678297Z,1889,38,14
2025-05-27T20:23:52.020000Z,2025-05-27T20:32:00.092886Z,1889,38,14
2025-05-27T20:23:53.000000Z,2025-05-27T20:32:00.477915Z,1889,38,14
2025-05-27T20:23:54.000000Z,2025-05-27T20:32:00.861794Z,1889,38,14
2025-05-27T20:23:55.000000Z,2025-05-27T20:32:01.287131Z,1889,38,14
2025-05-27T20:23:56.000000Z,2025-05-27T20:32:01.650995Z,1889,38,14
2025-05-27T20:23:57.000000Z,2025-05-27T20:32:02.063997Z,1889,38,14
2025-05-27T20:23:58.000000Z,2025-05-27T20:32:02.421126Z,1889,38,14
2025-05-27T20:23:59.000000Z,2025-05-27T20:32:02.869458Z,1889,38,14
2025-05-27T20:23:59.010000Z,2025-05-27T20:32:03.260981Z,1903,39,14
2025-05-27T20:23:59.020000Z,2025-05-27T20:32:03.739585Z,1903,39,14
2025-05-27T20:24:00.000000Z,2025-05-27T20:32:04.109708Z,1903,39,14
2025-05-27T20:24:01.000000Z,2025-05-27T20:32:04.608419Z,1903,39,14
2025-05-27T20:24:02.000000Z,2025-05-27T20:32:05.125102Z,1903,39,14
2025-05-27T20:24:03.000000Z,2025-05-27T20:32:05.471251Z,1903,39,14
2025-05-27T20:24:04.000000Z,2025-05-27T20:32:05.810293Z,1903,39,14
2025-05-27T20:24:05.000000Z,2025-05-27T20:32:06.121656Z,1903,39,14
2025-05-27T20:24:06.000000Z,2025-05-27T20:32:06.469374Z,1903,39,14
2025-05-27T20:24:07.000000Z,2025-05-27T20:32:06.799254Z,1903,39,14
2025-05-27T20:24:07.010000Z,2025-05-27T20:32:07.149988Z,1917,39,14
2025-05-27T20:24:08.000000Z,2025-05-27T20:32:07.482878Z,1917,39,14
2025-05-27T20:24:09.000000Z,2025-05-27T20:32:07.823170Z,1917,39,14
2025-05-27T20:24:10.000000Z,2025-05-27T20:32:08.149779Z,1917,39,14
2025-05-27T20:24:11.000000Z,2025-05-27T20:32:08.483421Z,1917,39,14
2025-05-27T20:24:12.000000Z,2025-05-27T20:32:08.890333Z,1917,39,14
2025-05-27T20:24:13.000000Z,2025-05-27T20:32:09.270566Z,1917,39,14
2025-05-27T20:24:14.000000Z,2025-05-27T20:32:09.596584Z,1917,39,14
2025-05-27T20:24:14.010000Z,2025-05-27T20:32:09.941640Z,1931,40,14
2025-05-27T20:24:14.020000Z,2025-05-27T20:32:10.279118Z,1931,40,14
2025-05-27T20:24:15.000000Z,2025-05-27T20:32:10.586296Z,1931,40,14
2025-05-27T20:24:16.000000Z,2025-05-27T20:32:10.945341Z,1931,40,14
2025-05-27T20:24:17.000000Z,2025-05-27T20:32:11.304017Z,1931,40,14
2025-05-27T20:24:18.000000Z,2025-05-27T20:32:11.631891Z,1931,40,14
2025-05-27T20:24:19.000000Z,2025-05-27T20:32:12.009412Z,1931,40,14
2025-05-27T20:24:20.000000Z,2025-05-27T20:32:12.368468Z,1931,40,14
2025-05-27T20:24:21.000000Z,2025-05-27T20:32:12.712563Z,1931,40,14
2025-05-27T20:24:22.000000Z,2025-05-27T20:32:13.317364Z,1931,40,14
2025-05-27T20:24:22.010000Z,2025-05-27T20:32:13.682465Z,1945,41,14
2025-05-27T20:24:22.020000Z,2025-05-27T20:32:14.100568Z,1945,41,14
2025-05-27T20:24:23.000000Z,2025-05-27T20:32:14.457607Z,1945,41,14
2025-05-27T20:24:24.000000Z,2025-05-27T20:32:14.847026Z,1945,41,14
2025-05-27T20:24:25.000000Z,2025-05-27T20:32:15.225133Z,1945,41,14
2025-05-27T20:24:26.000000Z,2025-05-27T20:32:15.582403Z,1945,41,14
2025-05-27T20:24:27.000000Z,2025-05-27T20:32:15.941147Z,1945,41,14
2025-05-27T20:24:28.000000Z,2025-05-27T20:32:16.299787Z,1945,41,14
2025-05-27T20:24:29.000000Z,2025-05-27T20:32:16.740083Z,1945,41,14
2025-05-27T20:24:30.000000Z,2025-05-27T20:32:17.151336Z,1959,42,15
2025-05-27T20:24:30.010000Z,2025-05-27T20:32:17.511896Z,1959,42,15
2025-05-27T20:24:30.020000Z,2025-05-27T20:32:17.906258Z,1959,42,15
2025-05-27T20:24:30.030000Z,2025-05-27T20:32:18.276793Z,1959,42,15
2025-05-27T20:24:31.000000Z,2025-05-27T20:32:18.705022Z,1959,42,15
2025-05-27T20:24:32.000000Z,2025-05-27T20:32:19.217241Z,1959,42,15
2025-05-27T20:24:33.000000Z,2025-05-27T20:32:19.554118Z,1959,42,15
2025-05-27T20:24:34.000000Z,2025-05-27T20:32:19.961889Z,1959,42,15
2025-05-27T20:24:35.000000Z,2025-05-27T20:32:20.342205Z,1959,42,15
2025-05-27T20:24:36.000000Z,2025-05-27T20:32:20.741966Z,1959,42,15
2025-05-27T20:24:37.000000Z,2025-05-27T20:32:21.173586Z,1959,42,15
2025-05-27T20:24:37.010000Z,2025-05-27T20:32:21.542249Z,1973,43,15
2025-05-27T20:24:37.020000Z,2025-05-27T20:32:21.952496Z,1973,43,15
2025-05-27T20:24:38.000000Z,2025-05-27T20:32:22.322898Z,1973,43,15
2025-05-27T20:24:39.000000Z,2025-05-27T20:32:22.717658Z,1973,43,15
2025-05-27T20:24:40.000000Z,2025-05-27T20:32:23.160126Z,1973,43,15
2025-05-27T20:24:41.000000Z,2025-05-27T20:32:23.561663Z,1973,43,15
2025-05-27T20:24:42.000000Z,2025-05-27T20:32:24.076004Z,1973,43,15
2025-05-27T20:24:43.000000Z,2025-05-27T20:32:24.477361Z,1973,43,15
2025-05-27T20:24:44.000000Z,2025-05-27T20:32:24.920404Z,1973,43,15
2025-05-27T20:24:45.000000Z,2025-05-27T20:32:25.935028Z,1973,43,15
2025-05-27T20:24:45.010000Z,2025-05-27T20:32:26.319236Z,1100,43,15
2025-05-27T20:24:46.000000Z,2025-05-27T20:32:26.708284Z,1100,43,15
2025-05-27T20:24:47.000000Z,2025-05-27T20:32:27.109074Z,1100,43,15
2025-05-27T20:24:48.000000Z,2025-05-27T20:32:27.508514Z,1100,43,15
2025-05-27T20:24:49.000000Z,2025-05-27T20:32:27.927698Z,1100,43,15
2025-05-27T20:24:50.000000Z,2025-05-27T20:32:28.520096Z,1100,43,15
2025-05-27T20:24:51.000000Z,2025-05-27T20:32:28.699273Z,1100,43,15
2025-05-27T20:24:52.000000Z,2025-05-27T20:32:29.589921Z,1100,43,15
2025-05-27T20:24:52.010000Z,2025-05-27T20:32:30.387876Z,2001,44,16
2025-05-27T20:24:52.020000Z,2025-05-27T20:32:30.631370Z,2001,44,16
2025-05-27T20:24:52.030000Z,2025-05-27T20:32:31.274342Z,2001,44,16
2025-05-27T20:24:53.000000Z,2025-05-27T20:32:31.467172Z,2001,44,16
2025-05-27T20:24:54.000000Z,2025-05-27T20:32:31.867255Z,2001,44,16
2025-05-27T20:24:55.000000Z,2025-05-27T20:32:32.249918Z,2001,44,16
2025-05-27T20:24:56.000000Z,2025-05-27T20:32:32.632618Z,2001,44,16
2025-05-27T20:24:57.000000Z,2025-05-27T20:32:33.038593Z,2001,44,16
2025-05-27T20:24:58.000000Z,2025-05-27T20:32:33.519012Z,2001,44,16
2025-05-27T20:24:59.000000Z,2025-05-27T20:32:33.819347Z,2001,44,16
2025-05-27T20:25:00.000000Z,2025-05-27T20:32:34.226414Z,2001,44,16
2025-05-27T20:25:00.010000Z,2025-05-27T20:32:34.645174Z,2015,45,16
2025-05-27T20:25:00.020000Z,2025-05-27T20:32:35.061617Z,2015,45,16
2025-05-27T20:25:01.000000Z,2025-05-27T20:32:35.435677Z,2015,45,16
2025-05-27T20:25:02.000000Z,2025-05-27T20:32:35.818009Z,2015,45,16
2025-05-27T20:25:03.000000Z,2025-05-27T20:32:36.188502Z,2015,45,16
2025-05-27T20:25:04.000000Z,2025-05-27T20:32:36.568410Z,2015,45,16
2025-05-27T20:25:05.000000Z,2025-05-27T20:32:36.989808Z,2015,45,16
2025-05-27T20:25:06.000000Z,2025-05-27T20:32:37.440360Z,2015,45,16
2025-05-27T20:25:07.000000Z,2025-05-27T20:32:37.814706Z,2015,45,16
2025-05-27T20:25:08.000000Z,2025-05-27T20:32:38.232396Z,2029,46,16
2025-05-27T20:25:08.010000Z,2025-05-27T20:32:38.599779Z,2029,46,16
2025-05-27T20:25:08.020000Z,2025-05-27T20:32:39.010803Z,2029,46,16
2025-05-27T20:25:09.000000Z,2025-05-27T20:32:39.443349Z,2029,46,16
2025-05-27T20:25:10.000000Z,2025-05-27T20:32:39.841331Z,2029,46,16
2025-05-27T20:25:11.000000Z,2025-05-27T20:32:40.203490Z,2029,46,16
2025-05-27T20:25:12.000000Z,2025-05-27T20:32:40.569641Z,2029,46,16
2025-05-27T20:25:13.000000Z,2025-05-27T20:32:40.948523Z,2029,46,16
2025-05-27T20:25:14.000000Z,2025-05-27T20:32:41.402941Z,2029,46,16
2025-05-27T20:25:15.000000Z,2025-05-27T20:32:41.736837Z,2029,46,16
2025-05-27T20:25:15.010000Z,2025-05-27T20:32:42.130930Z,2043,46,16
2025-05-27T20:25:16.000000Z,2025-05-27T20:32:42.554719Z,2043,46,16
2025-05-27T20:25:17.000000Z,2025-05-27T20:32:42.940965Z,2043,46,16
2025-05-27T20:25:18.000000Z,2025-05-27T20:32:43.339505Z,2043,46,16
2025-05-27T20:25:19.000000Z,2025-05-27T20:32:43.741533Z,2043,46,16
2025-05-27T20:25:20.000000Z,2025-05-27T20:32:44.113772Z,2043,46,16
2025-05-27T20:25:21.000000Z,2025-05-27T20:32:44.570600Z,2043,46,16
2025-05-27T20:25:22.000000Z,2025-05-27T20:32:44.972543Z,2043,46,16
2025-05-27T20:25:23.000000Z,2025-05-27T20:32:45.381419Z,2043,46,16
2025-05-27T20:25:23.010000Z,2025-05-27T20:32:45.776087Z,2057,47,16
2025-05-27T20:25:23.020000Z,2025-05-27T20:32:46.128504Z,2057,47,16
2025-05-27T20:25:24.000000Z,2025-05-27T20:32:46.509209Z,2057,47,16
2025-05-27T20:25:25.000000Z,2025-05-27T20:32:46.902093Z,2057,47,16
2025-05-27T20:25:26.000000Z,2025-05-27T20:32:47.314160Z,2057,47,16
2025-05-27T20:25:27.000000Z,2025-05-27T20:32:47.673995Z,2057,47,16
2025-05-27T20:25:28.000000Z,2025-05-27T20:32:48.062676Z,2057,47,16
2025-05-27T20:25:29.000000Z,2025-05-27T20:32:48.465436Z,2057,47,16
2025-05-27T20:25:30.000000Z,2025-05-27T20:32:48.835417Z,2057,47,16
2025-05-27T20:25:30.010000Z,2025-05-27T20:32:49.229170Z,2071,48,16
2025-05-27T20:25:30.020000Z,2025-05-27T20:32:49.831870Z,2071,48,16
2025-05-27T20:25:31.000000Z,2025-05-27T20:32:50.206945Z,2071,48,16
2025-05-27T20:25:32.000000Z,2025-05-27T20:32:50.557059Z,2071,48,16
2025-05-27T20:25:33.000000Z,2025-05-27T20:32:50.958938Z,2071,48,16
2025-05-27T20:25:34.000000Z,2025-05-27T20:32:51.364284Z,2071,48,16
2025-05-27T20:25:35.000000Z,2025-05-27T20:32:51.758773Z,2071,48,16
2025-05-27T20:25:36.000000Z,2025-05-27T20:32:52.129270Z,2071,48,16
2025-05-27T20:25:37.000000Z,2025-05-27T20:32:52.535285Z,2071,48,16
2025-05-27T20:25:38.000000Z,2025-05-27T20:32:52.906915Z,2071,48,16
2025-05-27T20:25:38.010000Z,2025-05-27T20:32:53.327007Z,2085,49,17
2025-05-27T20:25:38.020000Z,2025-05-27T20:32:53.706718Z,2085,49,17
2025-05-27T20:25:38.030000Z,2025-05-27T20:32:54.545669Z,2085,49,17
2025-05-27T20:25:39.000000Z,2025-05-27T20:32:55.041808Z,2085,49,17
2025-05-27T20:25:40.000000Z,2025-05-27T20:32:55.565364Z,2085,49,17
2025-05-27T20:25:41.000000Z,2025-05-27T20:32:55.961112Z,2085,49,17
2025-05-27T20:25:42.000000Z,2025-05-27T20:32:56.327940Z,2085,49,17
2025-05-27T20:25:43.000000Z,2025-05-27T20:32:56.716922Z,2085,49,17
2025-05-27T20:25:44.000000Z,2025-05-27T20:32:57.227150Z,2085,49,17
2025-05-27T20:25:45.000000Z,2025-05-27T20:32:57.476328Z,2085,49,17
2025-05-27T20:25:45.010000Z,2025-05-27T20:32:57.869283Z,2099,50,17
2025-05-27T20:25:45.020000Z,2025-05-27T20:32:59.471181Z,2099,50,17
2025-05-27T20:25:46.000000Z,2025-05-27T20:33:00.302599Z,2099,50,17
2025-05-27T20:25:47.000000Z,2025-05-27T20:33:00.686538Z,2099,50,17
2025-05-27T20:25:48.000000Z,2025-05-27T20:33:01.070184Z,2099,50,17
2025-05-27T20:25:49.000000Z,2025-05-27T20:33:01.466608Z,2099,50,17
2025-05-27T20:25:50.000000Z,2025-05-27T20:33:01.843382Z,2099,50,17
2025-05-27T20:25:51.000000Z,2025-05-27T20:33:02.227958Z,2099,50,17
2025-05-27T20:25:52.000000Z,2025-05-27T20:33:02.574997Z,2099,50,17
2025-05-27T20:25:53.000000Z,2025-05-27T20:33:03.001014Z,2099,50,17
2025-05-27T20:25:53.010000Z,2025-05-27T20:33:03.371979Z,1100,50,17
2025-05-27T20:25:54.000000Z,2025-05-27T20:33:03.738859Z,1100,50,17
2025-05-27T20:25:55.000000Z,2025-05-27T20:33:04.112095Z,1100,50,17
2025-05-27T20:25:56.000000Z,2025-05-27T20:33:04.468909Z,1100,50,17
2025-05-27T20:25:57.000000Z,2025-05-27T20:33:04.823024Z,1100,50,17
2025-05-27T20:25:58.000000Z,2025-05-27T20:33:05.310338Z,1100,50,17
2025-05-27T20:25:59.000000Z,2025-05-27T20:33:05.661625Z,1100,50,17
2025-05-27T20:26:00.000000Z,2025-05-27T20:33:06.026372Z,1100,50,17
2025-05-27T20:26:01.000000Z,2025-05-27T20:33:06.405574Z,2127,51,17
2025-05-27T20:26:01.010000Z,2025-05-27T20:33:06.789548Z,2127,51,17
2025-05-27T20:26:01.020000Z,2025-05-27T20:33:07.159058Z,2127,51,17
2025-05-27T20:26:02.000000Z,2025-05-27T20:33:07.541623Z,2127,51,17
2025-05-27T20:26:03.000000Z,2025-05-27T20:33:07.908464Z,2127,51,17
2025-05-27T20:26:04.000000Z,2025-05-27T20:33:08.271360Z,2127,51,17
2025-05-27T20:26:05.000000Z,2025-05-27T20:33:08.640352Z,2127,51,17
2025-05-27T20:26:06.000000Z,2025-05-27T20:33:09.213594Z,2127,51,17
2025-05-27T20:26:07.000000Z,2025-05-27T20:33:09.408854Z,2127,51,17
2025-05-27T20:26:08.000000Z,2025-05-27T20:33:09.824379Z,2127,51,17
2025-05-27T20:26:08.010000Z,2025-05-27T20:33:10.302953Z,2141,52,18
2025-05-27T20:26:08.020000Z,2025-05-27T20:33:10.673695Z,2141,52,18
2025-05-27T20:26:08.030000Z,2025-05-27T20:33:11.140032Z,2141,52,18
2025-05-27T20:26:09.000000Z,2025-05-27T20:33:11.553327Z,2141,52,18
2025-05-27T20:26:10.000000Z,2025-05-27T20:33:11.940737Z,2141,52,18
2025-05-27T20:26:11.000000Z,2025-05-27T20:33:12.371704Z,2141,52,18
2025-05-27T20:26:12.000000Z,2025-05-27T20:33:12.753692Z,2141,52,18
2025-05-27T20:26:13.000000Z,2025-05-27T20:33:13.190273Z,2141,52,18
2025-05-27T20:26:14.000000Z,2025-05-27T20:33:13.625669Z,2141,52,18
2025-05-27T20:26:15.000000Z,2025-05-27T20:33:14.021817Z,2141,52,18
2025-05-27T20:26:16.000000Z,2025-05-27T20:33:14.418894Z,2141,52,18
2025-05-27T20:26:16.010000Z,2025-05-27T20:33:14.884348Z,2155,53,18
2025-05-27T20:26:16.020000Z,2025-05-27T20:33:15.398456Z,2155,53,18
2025-05-27T20:26:17.000000Z,2025-05-27T20:33:17.158468Z,2155,53,18
2025-05-27T20:26:18.000000Z,2025-05-27T20:33:17.960454Z,2155,53,18
2025-05-27T20:26:19.000000Z,2025-05-27T20:33:18.389485Z,2155,53,18
2025-05-27T20:26:20.000000Z,2025-05-27T20:33:18.754124Z,2155,53,18
2025-05-27T20:26:21.000000Z,2025-05-27T20:33:19.212435Z,2155,53,18
2025-05-27T20:26:22.000000Z,2025-05-27T20:33:19.613937Z,2155,53,18
2025-05-27T20:26:23.000000Z,2025-05-27T20:33:20.054140Z,2155,53,18
2025-05-27T20:26:23.010000Z,2025-05-27T20:33:20.549498Z,2169,53,18
2025-05-27T20:26:24.000000Z,2025-05-27T20:33:20.958084Z,2169,53,18
2025-05-27T20:26:25.000000Z,2025-05-27T20:33:21.371016Z,2169,53,18
2025-05-27T20:26:26.000000Z,2025-05-27T20:33:21.761352Z,2169,53,18
2025-05-27T20:26:27.000000Z,2025-05-27T20:33:22.311192Z,2169,53,18
2025-05-27T20:26:28.000000Z,2025-05-27T20:33:22.989710Z,2169,53,18
2025-05-27T20:26:29.000000Z,2025-05-27T20:33:23.428244Z,2169,53,18
2025-05-27T20:26:30.000000Z,2025-05-27T20:33:23.846819Z,2169,53,18
2025-05-27T20:26:31.000000Z,2025-05-27T20:33:24.238328Z,2169,53,18
2025-05-27T20:26:31.010000Z,2025-05-27T20:33:24.639317Z,2183,54,18
2025-05-27T20:26:31.020000Z,2025-05-27T20:33:25.148021Z,2183,54,18
2025-05-27T20:26:32.000000Z,2025-05-27T20:33:25.739058Z,2183,54,18
2025-05-27T20:26:33.000000Z,2025-05-27T20:33:26.155480Z,2183,54,18
2025-05-27T20:26:34.000000Z,2025-05-27T20:33:26.539903Z,2183,54,18
2025-05-27T20:26:35.000000Z,2025-05-27T20:33:26.958221Z,2183,54,18
2025-05-27T20:26:36.000000Z,2025-05-27T20:33:27.384176Z,2183,54,18
2025-05-27T20:26:37.000000Z,2025-05-27T20:33:27.755486Z,2183,54,18
2025-05-27T20:26:38.000000Z,2025-05-27T20:33:28.161194Z,2183,54,18
2025-05-27T20:26:38.010000Z,2025-05-27T20:33:28.551979Z,2197,55,18
2025-05-27T20:26:38.020000Z,2025-05-27T20:33:28.972439Z,2197,55,18
2025-05-27T20:26:39.000000Z,2025-05-27T20:33:29.381856Z,2197,55,18
2025-05-27T20:26:40.000000Z,2025-05-27T20:33:29.779614Z,2197,55,18
2025-05-27T20:26:41.000000Z,2025-05-27T20:33:30.190735Z,2197,55,18
2025-05-27T20:26:42.000000Z,2025-05-27T20:33:30.682965Z,2197,55,18
2025-05-27T20:26:43.000000Z,2025-05-27T20:33:31.109307Z,2197,55,18
2025-05-27T20:26:44.000000Z,2025-05-27T20:33:31.486430Z,2197,55,18
2025-05-27T20:26:45.000000Z,2025-05-27T20:33:31.902885Z,2197,55,18
2025-05-27T20:26:46.000000Z,2025-05-27T20:33:32.274096Z,2197,55,18
2025-05-27T20:26:46.010000Z,2025-05-27T20:33:32.699081Z,2211,56,19
2025-05-27T20:26:46.020000Z,2025-05-27T20:33:33.159010Z,2211,56,19
2025-05-27T20:26:46.030000Z,2025-05-27T20:33:33.564808Z,2211,56,19
2025-05-27T20:26:47.000000Z,2025-05-27T20:33:35.227884Z,2211,56,19
2025-05-27T20:26:48.000000Z,2025-05-27T20:33:36.029295Z,2211,56,19
2025-05-27T20:26:49.000000Z,2025-05-27T20:33:36.449203Z,2211,56,19
2025-05-27T20:26:50.000000Z,2025-05-27T20:33:36.833310Z,2211,56,19
2025-05-27T20:26:51.000000Z,2025-05-27T20:33:37.232209Z,2211,56,19
2025-05-27T20:26:52.000000Z,2025-05-27T20:33:37.660413Z,2211,56,19
2025-05-27T20:26:53.000000Z,2025-05-27T20:33:38.081695Z,2211,56,19
2025-05-27T20:26:54.000000Z,2025-05-27T20:33:38.502556Z,2225,56,19
2025-05-27T20:26:55.000000Z,2025-05-27T20:33:38.908851Z,2225,56,19
2025-05-27T20:26:56.000000Z,2025-05-27T20:33:39.302347Z,2225,56,19
2025-05-27T20:26:57.000000Z,2025-05-27T20:33:39.715177Z,2225,56,19
2025-05-27T20:26:58.000000Z,2025-05-27T20:33:40.148721Z,2225,56,19
2025-05-27T20:26:59.000000Z,2025-05-27T20:33:40.656730Z,2225,56,19
2025-05-27T20:27:00.000000Z,2025-05-27T20:33:41.058171Z,2225,56,19
2025-05-27T20:27:01.000000Z,2025-05-27T20:33:41.470381Z,2225,56,19
2025-05-27T20:27:01.010000Z,2025-05-27T20:33:41.851160Z,2239,57,19
2025-05-27T20:27:01.020000Z,2025-05-27T20:33:42.238318Z,2239,57,19
2025-05-27T20:27:02.000000Z,2025-05-27T20:33:42.650514Z,2239,57,19
2025-05-27T20:27:03.000000Z,2025-05-27T20:33:43.181855Z,2239,57,19
2025-05-27T20:27:04.000000Z,2025-05-27T20:33:43.496464Z,2239,57,19
2025-05-27T20:27:05.000000Z,2025-05-27T20:33:44.072326Z,2239,57,19
2025-05-27T20:27:06.000000Z,2025-05-27T20:33:44.323830Z,2239,57,19
2025-05-27T20:27:07.000000Z,2025-05-27T20:33:44.737715Z,2239,57,19
2025-05-27T20:27:08.000000Z,2025-05-27T20:33:45.329051Z,2239,57,19
2025-05-27T20:27:09.000000Z,2025-05-27T20:33:45.583429Z,2239,57,19
2025-05-27T20:27:09.010000Z,2025-05-27T20:33:46.091951Z,2253,58,19
2025-05-27T20:27:09.020000Z,2025-05-27T20:33:46.538068Z,2253,58,19
2025-05-27T20:27:10.000000Z,2025-05-27T20:33:46.951992Z,2253,58,19
2025-05-27T20:27:11.000000Z,2025-05-27T20:33:47.359140Z,2253,58,19
2025-05-27T20:27:12.000000Z,2025-05-27T20:33:47.765884Z,2253,58,19
2025-05-27T20:27:13.000000Z,2025-05-27T20:33:48.221310Z,2253,58,19
2025-05-27T20:27:14.000000Z,2025-05-27T20:33:48.604898Z,2253,58,19
2025-05-27T20:27:15.000000Z,2025-05-27T20:33:49.031125Z,2253,58,19
2025-05-27T20:27:16.000000Z,2025-05-27T20:33:49.452910Z,2253,58,19
2025-05-27T20:27:16.010000Z,2025-05-27T20:33:49.832218Z,2267,59,20
2025-05-27T20:27:16.020000Z,2025-05-27T20:33:50.769736Z,2267,59,20
2025-05-27T20:27:16.030000Z,2025-05-27T20:33:51.277339Z,2267,59,20
2025-05-27T20:27:17.000000Z,2025-05-27T20:33:53.047786Z,2267,59,20
2025-05-27T20:27:18.000000Z,2025-05-27T20:33:53.785250Z,2267,59,20
2025-05-27T20:27:19.000000Z,2025-05-27T20:33:54.208112Z,2267,59,20
2025-05-27T20:27:20.000000Z,2025-05-27T20:33:54.634134Z,2267,59,20
2025-05-27T20:27:21.000000Z,2025-05-27T20:33:55.130096Z,2267,59,20
2025-05-27T20:27:22.000000Z,2025-05-27T20:33:55.668462Z,2267,59,20
2025-05-27T20:27:23.000000Z,2025-05-27T20:33:56.201628Z,2267,59,20
2025-05-27T20:27:24.000000Z,2025-05-27T20:33:56.631563Z,2267,59,20
2025-05-27T20:27:24.010000Z,2025-05-27T20:33:57.000138Z,2281,60,20
2025-05-27T20:27:24.020000Z,2025-05-27T20:33:57.535905Z,2281,60,20
2025-05-27T20:27:25.000000Z,2025-05-27T20:33:58.380198Z,2281,60,20
2025-05-27T20:27:26.000000Z,2025-05-27T20:33:58.703069Z,2281,60,20
2025-05-27T20:27:27.000000Z,2025-05-27T20:33:59.315728Z,2281,60,20
2025-05-27T20:27:28.000000Z,2025-05-27T20:33:59.708987Z,2281,60,20
2025-05-27T20:27:29.000000Z,2025-05-27T20:34:00.035716Z,2281,60,20
2025-05-27T20:27:30.000000Z,2025-05-27T20:34:00.389038Z,2281,60,20
2025-05-27T20:27:31.000000Z,2025-05-27T20:34:00.739216Z,2281,60,20
2025-05-27T20:27:31.010000Z,2025-05-27T20:34:01.187735Z,2295,60,20
2025-05-27T20:27:32.000000Z,2025-05-27T20:34:01.525284Z,2295,60,20
2025-05-27T20:27:33.000000Z,2025-05-27T20:34:01.866629Z,2295,60,20
2025-05-27T20:27:34.000000Z,2025-05-27T20:34:02.193080Z,2295,60,20
2025-05-27T20:27:35.000000Z,2025-05-27T20:34:02.528080Z,2295,60,20
2025-05-27T20:27:36.000000Z,2025-05-27T20:34:02.862910Z,2295,60,20
2025-05-27T20:27:37.000000Z,2025-05-27T20:34:03.203207Z,2295,60,20
2025-05-27T20:27:38.000000Z,2025-05-27T20:34:03.545491Z,2295,60,20
2025-05-27T20:27:39.000000Z,2025-05-27T20:34:03.881594Z,2295,60,20
2025-05-27T20:27:39.010000Z,2025-05-27T20:34:04.211543Z,2309,61,20
2025-05-27T20:27:39.020000Z,2025-05-27T20:34:04.539490Z,2309,61,20
2025-05-27T20:27:40.000000Z,2025-05-27T20:34:04.892045Z,2309,61,20
2025-05-27T20:27:41.000000Z,2025-05-27T20:34:05.285899Z,2309,61,20
2025-05-27T20:27:42.000000Z,2025-05-27T20:34:05.615718Z,2309,61,20
2025-05-27T20:27:43.000000Z,2025-05-27T20:34:06.004289Z,2309,61,20
2025-05-27T20:27:44.000000Z,2025-05-27T20:34:06.430443Z,2309,61,20
2025-05-27T20:27:45.000000Z,2025-05-27T20:34:06.779658Z,2309,61,20
2025-05-27T20:27:46.000000Z,2025-05-27T20:34:07.138323Z,2309,61,20
2025-05-27T20:27:46.010000Z,2025-05-27T20:34:07.452571Z,2323,62,20
2025-05-27T20:27:47.000000Z,2025-05-27T20:34:07.859229Z,2323,62,20
2025-05-27T20:27:48.000000Z,2025-05-27T20:34:08.206889Z,2323,62,20
2025-05-27T20:27:49.000000Z,2025-05-27T20:34:08.599709Z,2323,62,20
2025-05-27T20:27:50.000000Z,2025-05-27T20:34:09.825278Z,2323,62,20
2025-05-27T20:27:51.000000Z,2025-05-27T20:34:12.400940Z,2323,62,20
2025-05-27T20:27:52.000000Z,2025-05-27T20:34:12.457206Z,2323,62,20
2025-05-27T20:27:53.000000Z,2025-05-27T20:34:12.507609Z,2323,62,20
2025-05-27T20:27:54.000000Z,2025-05-27T20:34:12.610097Z,2323,62,20
2025-05-27T20:27:54.010000Z,2025-05-27T20:34:12.558172Z,2337,63,21
2025-05-27T20:27:54.020000Z,2025-05-27T20:34:12.708535Z,2337,63,21
2025-05-27T20:27:54.030000Z,2025-05-27T20:34:12.658441Z,2337,63,21
2025-05-27T20:27:55.000000Z,2025-05-27T20:34:12.856726Z,2337,63,21
2025-05-27T20:27:56.000000Z,2025-05-27T20:34:13.245692Z,2337,63,21
2025-05-27T20:27:57.000000Z,2025-05-27T20:34:13.598281Z,2337,63,21
2025-05-27T20:27:58.000000Z,2025-05-27T20:34:13.941159Z,2337,63,21
2025-05-27T20:27:59.000000Z,2025-05-27T20:34:14.319392Z,2337,63,21
2025-05-27T20:28:00.000000Z,2025-05-27T20:34:14.676010Z,2337,63,21
2025-05-27T20:28:01.000000Z,2025-05-27T20:34:15.074634Z,2337,63,21
2025-05-27T20:28:02.000000Z,2025-05-27T20:34:15.419591Z,2337,63,21
2025-05-27T20:28:02.010000Z,2025-05-27T20:34:15.765963Z,2351,64,21
2025-05-27T20:28:02.020000Z,2025-05-27T20:34:16.119373Z,2351,64,21
2025-05-27T20:28:03.000000Z,2025-05-27T20:34:16.563241Z,2351,64,21
2025-05-27T20:28:04.000000Z,2025-05-27T20:34:16.920385Z,2351,64,21
2025-05-27T20:28:05.000000Z,2025-05-27T20:34:17.288100Z,2351,64,21
2025-05-27T20:28:06.000000Z,2025-05-27T20:34:17.664398Z,2351,64,21
2025-05-27T20:28:07.000000Z,2025-05-27T20:34:18.055542Z,2351,64,21
2025-05-27T20:28:08.000000Z,2025-05-27T20:34:19.679371Z,2351,64,21
2025-05-27T20:28:09.000000Z,2025-05-27T20:34:20.449271Z,2351,64,21
2025-05-27T20:28:09.010000Z,2025-05-27T20:34:20.827773Z,2365,64,21
2025-05-27T20:28:10.000000Z,2025-05-27T20:34:21.290710Z,2365,64,21
2025-05-27T20:28:11.000000Z,2025-05-27T20:34:21.669236Z,2365,64,21
2025-05-27T20:28:12.000000Z,2025-05-27T20:34:22.046412Z,2365,64,21
2025-05-27T20:28:13.000000Z,2025-05-27T20:34:22.395754Z,2365,64,21
2025-05-27T20:28:14.000000Z,2025-05-27T20:34:22.800381Z,2365,64,21
2025-05-27T20:28:15.000000Z,2025-05-27T20:34:23.166111Z,2365,64,21
2025-05-27T20:28:16.000000Z,2025-05-27T20:34:23.977486Z,2365,64,21
2025-05-27T20:28:17.000000Z,2025-05-27T20:34:24.378241Z,2365,64,21
2025-05-27T20:28:17.010000Z,2025-05-27T20:34:24.737881Z,2379,65,21
2025-05-27T20:28:17.020000Z,2025-05-27T20:34:25.207057Z,2379,65,21
2025-05-27T20:28:18.000000Z,2025-05-27T20:34:25.749204Z,2379,65,21
2025-05-27T20:28:19.000000Z,2025-05-27T20:34:26.131333Z,2379,65,21
2025-05-27T20:28:20.000000Z,2025-05-27T20:34:26.590905Z,2379,65,21
2025-05-27T20:28:21.000000Z,2025-05-27T20:34:26.958555Z,2379,65,21
2025-05-27T20:28:22.000000Z,2025-05-27T20:34:27.368430Z,2379,65,21
2025-05-27T20:28:23.000000Z,2025-05-27T20:34:27.747009Z,2379,65,21
2025-05-27T20:28:24.000000Z,2025-05-27T20:34:28.109933Z,2379,65,21
2025-05-27T20:28:24.010000Z,2025-05-27T20:34:28.487900Z,1100,66,21
2025-05-27T20:28:24.020000Z,2025-05-27T20:34:28.886365Z,1100,66,21
2025-05-27T20:28:25.000000Z,2025-05-27T20:34:29.327693Z,1100,66,21
2025-05-27T20:28:26.000000Z,2025-05-27T20:34:29.676672Z,1100,66,21
2025-05-27T20:28:27.000000Z,2025-05-27T20:34:30.086446Z,1100,66,21
2025-05-27T20:28:28.000000Z,2025-05-27T20:34:30.453383Z,1100,66,21
2025-05-27T20:28:29.000000Z,2025-05-27T20:34:30.829297Z,1100,66,21
2025-05-27T20:28:30.000000Z,2025-05-27T20:34:31.207335Z,1100,66,21
2025-05-27T20:28:31.000000Z,2025-05-27T20:34:31.668963Z,1100,66,21
2025-05-27T20:28:32.000000Z,2025-05-27T20:34:32.017891Z,1100,66,21
2025-05-27T20:28:32.010000Z,2025-05-27T20:34:32.397610Z,2407,67,21
2025-05-27T20:28:32.020000Z,2025-05-27T20:34:32.762068Z,2407,67,21
2025-05-27T20:28:33.000000Z,2025-05-27T20:34:33.390584Z,2407,67,21
2025-05-27T20:28:34.000000Z,2025-05-27T20:34:33.559251Z,2407,67,21
2025-05-27T20:28:35.000000Z,2025-05-27T20:34:33.940176Z,2407,67,21
2025-05-27T20:28:36.000000Z,2025-05-27T20:34:34.302438Z,2407,67,21
2025-05-27T20:28:37.000000Z,2025-05-27T20:34:34.707087Z,2407,67,21
2025-05-27T20:28:38.000000Z,2025-05-27T20:34:35.078587Z,2407,67,21
2025-05-27T20:28:39.000000Z,2025-05-27T20:34:35.438108Z,2407,67,21
2025-05-27T20:28:40.000000Z,2025-05-27T20:34:35.828292Z,2421,67,22
2025-05-27T20:28:40.010000Z,2025-05-27T20:34:36.201773Z,2421,67,22
2025-05-27T20:28:40.020000Z,2025-05-27T20:34:36.648608Z,2421,67,22
2025-05-27T20:28:41.000000Z,2025-05-27T20:34:37.038160Z,2421,67,22
2025-05-27T20:28:42.000000Z,2025-05-27T20:34:38.695693Z,2421,67,22
2025-05-27T20:28:43.000000Z,2025-05-27T20:34:39.458871Z,2421,67,22
2025-05-27T20:28:44.000000Z,2025-05-27T20:34:39.847627Z,2421,67,22
2025-05-27T20:28:45.000000Z,2025-05-27T20:34:40.217433Z,2421,67,22
2025-05-27T20:28:46.000000Z,2025-05-27T20:34:40.587678Z,2421,67,22
2025-05-27T20:28:47.000000Z,2025-05-27T20:34:40.965138Z,2421,67,22
2025-05-27T20:28:47.010000Z,2025-05-27T20:34:41.374808Z,2435,68,22
2025-05-27T20:28:47.020000Z,2025-05-27T20:34:41.828191Z,2435,68,22
2025-05-27T20:28:48.000000Z,2025-05-27T20:34:42.209203Z,2435,68,22
2025-05-27T20:28:49.000000Z,2025-05-27T20:34:42.593797Z,2435,68,22
2025-05-27T20:28:50.000000Z,2025-05-27T20:34:42.936983Z,2435,68,22
2025-05-27T20:28:51.000000Z,2025-05-27T20:34:43.354600Z,2435,68,22
2025-05-27T20:28:52.000000Z,2025-05-27T20:34:43.734877Z,2435,68,22
2025-05-27T20:28:53.000000Z,2025-05-27T20:34:44.093696Z,2435,68,22
2025-05-27T20:28:54.000000Z,2025-05-27T20:34:44.426375Z,2435,68,22
2025-05-27T20:28:55.000000Z,2025-05-27T20:34:44.787015Z,2435,68,22
2025-05-27T20:28:55.010000Z,2025-05-27T20:34:45.212511Z,2449,69,22
2025-05-27T20:28:55.020000Z,2025-05-27T20:34:45.600827Z,2449,69,22
2025-05-27T20:28:56.000000Z,2025-05-27T20:34:45.961046Z,2449,69,22
2025-05-27T20:28:57.000000Z,2025-05-27T20:34:46.361783Z,2449,69,22
2025-05-27T20:28:58.000000Z,2025-05-27T20:34:46.758845Z,2449,69,22
2025-05-27T20:28:59.000000Z,2025-05-27T20:34:47.172800Z,2449,69,22
2025-05-27T20:29:00.000000Z,2025-05-27T20:34:47.541036Z,2449,69,22
2025-05-27T20:29:01.000000Z,2025-05-27T20:34:47.922664Z,2449,69,22
2025-05-27T20:29:02.000000Z,2025-05-27T20:34:48.336723Z,2449,69,22
2025-05-27T20:29:02.010000Z,2025-05-27T20:34:48.703818Z,2463,70,23
2025-05-27T20:29:02.020000Z,2025-05-27T20:34:49.103711Z,2463,70,23
2025-05-27T20:29:02.030000Z,2025-05-27T20:34:49.902615Z,2463,70,23
2025-05-27T20:29:03.000000Z,2025-05-27T20:34:50.256290Z,2463,70,23
2025-05-27T20:29:04.000000Z,2025-05-27T20:34:50.637197Z,2463,70,23
2025-05-27T20:29:05.000000Z,2025-05-27T20:34:51.203496Z,2463,70,23
2025-05-27T20:29:06.000000Z,2025-05-27T20:34:51.567709Z,2463,70,23
2025-05-27T20:29:07.000000Z,2025-05-27T20:34:52.003568Z,2463,70,23
2025-05-27T20:29:08.000000Z,2025-05-27T20:34:52.382700Z,2463,70,23
2025-05-27T20:29:09.000000Z,2025-05-27T20:34:52.741918Z,2463,70,23
2025-05-27T20:29:10.000000Z,2025-05-27T20:34:53.143661Z,2463,70,23
2025-05-27T20:29:10.010000Z,2025-05-27T20:34:53.513975Z,2477,71,23
2025-05-27T20:29:10.020000Z,2025-05-27T20:34:53.909725Z,2477,71,23
2025-05-27T20:29:11.000000Z,2025-05-27T20:34:54.273094Z,2477,71,23
2025-05-27T20:29:12.000000Z,2025-05-27T20:34:54.660889Z,2477,71,23
2025-05-27T20:29:13.000000Z,2025-05-27T20:34:55.059791Z,2477,71,23
2025-05-27T20:29:14.000000Z,2025-05-27T20:34:55.500311Z,2477,71,23
2025-05-27T20:29:15.000000Z,2025-05-27T20:34:57.386955Z,2477,71,23
2025-05-27T20:29:16.000000Z,2025-05-27T20:34:57.899510Z,2477,71,23
2025-05-27T20:29:17.000000Z,2025-05-27T20:34:58.239521Z,2477,71,23
2025-05-27T20:29:18.000000Z,2025-05-27T20:34:58.640217Z,2491,71,23
2025-05-27T20:29:18.010000Z,2025-05-27T20:34:59.011631Z,2491,71,23
2025-05-27T20:29:19.000000Z,2025-05-27T20:34:59.416495Z,2491,71,23
2025-05-27T20:29:20.000000Z,2025-05-27T20:34:59.770663Z,2491,71,23
2025-05-27T20:29:21.000000Z,2025-05-27T20:35:00.190740Z,2491,71,23
2025-05-27T20:29:22.000000Z,2025-05-27T20:35:00.567979Z,2491,71,23
2025-05-27T20:29:23.000000Z,2025-05-27T20:35:00.989762Z,2491,71,23
2025-05-27T20:29:24.000000Z,2025-05-27T20:35:01.458080Z,2491,71,23
2025-05-27T20:29:25.000000Z,2025-05-27T20:35:01.832507Z,2491,71,23
2025-05-27T20:29:25.010000Z,2025-05-27T20:35:04.269543Z,2505,72,23
2025-05-27T20:29:25.020000Z,2025-05-27T20:35:04.774666Z,2505,72,23
2025-05-27T20:29:26.000000Z,2025-05-27T20:35:05.213980Z,2505,72,23
2025-05-27T20:29:27.000000Z,2025-05-27T20:35:05.606536Z,2505,72,23
2025-05-27T20:29:28.000000Z,2025-05-27T20:35:06.059415Z,2505,72,23
2025-05-27T20:29:29.000000Z,2025-05-27T20:35:06.477168Z,2505,72,23
2025-05-27T20:29:30.000000Z,2025-05-27T20:35:06.948390Z,2505,72,23
2025-05-27T20:29:31.000000Z,2025-05-27T20:35:07.371527Z,2505,72,23
2025-05-27T20:29:32.000000Z,2025-05-27T20:35:07.806245Z,2505,72,23
2025-05-27T20:29:32.010000Z,2025-05-27T20:35:08.224945Z,2519,73,23
2025-05-27T20:29:32.020000Z,2025-05-27T20:35:08.609470Z,2519,73,23
2025-05-27T20:29:33.000000Z,2025-05-27T20:35:09.049402Z,2519,73,23
2025-05-27T20:29:34.000000Z,2025-05-27T20:35:09.491506Z,2519,73,23
2025-05-27T20:29:35.000000Z,2025-05-27T20:35:09.885809Z,2519,73,23
2025-05-27T20:29:35.010000Z,2025-05-27T20:35:10.322914Z,1100,72,49
2025-05-27T20:29:35.020000Z,2025-05-27T20:35:10.759634Z,1100,72,49
2025-05-27T20:29:35.030000Z,2025-05-27T20:35:11.176031Z,1100,72,49
2025-05-27T20:29:36.000000Z,2025-05-27T20:35:11.569688Z,1100,72,49
2025-05-27T20:29:37.000000Z,2025-05-27T20:35:12.074059Z,1100,72,49
2025-05-27T20:29:38.000000Z,2025-05-27T20:35:12.479076Z,1100,72,49
2025-05-27T20:29:39.000000Z,2025-05-27T20:35:12.871129Z,1100,72,49
2025-05-27T20:29:40.000000Z,2025-05-27T20:35:13.356448Z,1100,72,49
2025-05-27T20:29:41.000000Z,2025-05-27T20:35:13.768482Z,1100,72,49
2025-05-27T20:29:42.000000Z,2025-05-27T20:35:14.156513Z,1100,72,49
2025-05-27T20:29:43.000000Z,2025-05-27T20:35:14.606798Z,1100,72,49
2025-05-27T20:29:44.000000Z,2025-05-27T20:35:15.009280Z,1100,72,49
2025-05-27T20:29:45.000000Z,2025-05-27T20:35:15.407391Z,1100,72,49
2025-05-27T20:29:46.000000Z,2025-05-27T20:35:15.820912Z,1100,72,49
2025-05-27T20:29:47.000000Z,2025-05-27T20:35:16.258435Z,1100,72,49
2025-05-27T20:29:48.000000Z,2025-05-27T20:35:16.649463Z,1100,72,49
2025-05-27T20:29:49.000000Z,2025-05-27T20:35:17.152764Z,1100,72,49
2025-05-27T20:29:50.000000Z,2025-05-27T20:35:17.557779Z,1100,72,49
2025-05-27T20:29:51.000000Z,2025-05-27T20:35:17.958193Z,1100,72,49
2025-05-27T20:29:52.000000Z,2025-05-27T20:35:18.347281Z,1100,72,49
2025-05-27T20:29:53.000000Z,2025-05-27T20:35:19.179675Z,1100,72,49
2025-05-27T20:29:54.000000Z,2025-05-27T20:35:19.619064Z,1100,72,49
2025-05-27T20:29:55.000000Z,2025-05-27T20:35:20.024095Z,1100,72,49
2025-05-27T20:29:56.000000Z,2025-05-27T20:35:21.668331Z,1100,72,49
2025-05-27T20:29:57.000000Z,2025-05-27T20:35:22.150896Z,1100,72,49
2025-05-27T20:29:58.000000Z,2025-05-27T20:35:22.526090Z,1100,72,49
2025-05-27T20:29:59.000000Z,2025-05-27T20:35:22.906874Z,1100,72,49
2025-05-27T20:30:00.000000Z,2025-05-27T20:35:23.350461Z,1100,72,49
2025-05-27T20:30:01.000000Z,2025-05-27T20:35:23.778865Z,1100,72,49
2025-05-27T20:30:02.000000Z,2025-05-27T20:35:24.166310Z,1100,72,49
2025-05-27T20:30:03.000000Z,2025-05-27T20:35:24.581461Z,1100,72,49
2025-05-27T20:30:04.000000Z,2025-05-27T20:35:24.947099Z,1100,72,49
2025-05-27T20:30:05.000000Z,2025-05-27T20:35:25.574996Z,1100,72,49
2025-05-27T20:30:06.000000Z,2025-05-27T20:35:26.007673Z,1100,72,49
2025-05-27T20:30:07.000000Z,2025-05-27T20:35:26.408621Z,1100,72,49
2025-05-27T20:30:08.000000Z,2025-05-27T20:35:26.799199Z,1100,72,49
2025-05-27T20:30:09.000000Z,2025-05-27T20:35:27.303483Z,1100,72,49
2025-05-27T20:30:10.000000Z,2025-05-27T20:35:27.703003Z,1100,72,49
2025-05-27T20:30:11.000000Z,2025-05-27T20:35:28.116340Z,1100,72,49
2025-05-27T20:30:12.000000Z,2025-05-27T20:35:28.505970Z,1100,72,49
2025-05-27T20:30:13.000000Z,2025-05-27T20:35:28.917659Z,1100,72,49
2025-05-27T20:30:14.000000Z,2025-05-27T20:35:29.600369Z,1100,72,49
2025-05-27T20:30:15.000000Z,2025-05-27T20:35:29.737945Z,1100,72,49
2025-05-27T20:30:16.000000Z,2025-05-27T20:35:30.158494Z,1100,72,49
2025-05-27T20:30:17.000000Z,2025-05-27T20:35:30.540811Z,1100,72,49
2025-05-27T20:30:18.000000Z,2025-05-27T20:35:30.968667Z,1100,72,49
2025-05-27T20:30:19.000000Z,2025-05-27T20:35:31.430000Z,1100,72,49
2025-05-27T20:30:20.000000Z,2025-05-27T20:35:31.841219Z,1100,72,49
2025-05-27T20:30:21.000000Z,2025-05-27T20:35:32.335604Z,1100,72,49
2025-05-27T20:30:22.000000Z,2025-05-27T20:35:32.729935Z,1100,72,49
2025-05-27T20:30:23.000000Z,2025-05-27T20:35:33.171397Z,1100,72,49
2025-05-27T20:30:24.000000Z,2025-05-27T20:35:33.590113Z,1100,72,49
2025-05-27T20:30:25.000000Z,2025-05-27T20:35:34.279637Z,1100,72,49
2025-05-27T20:30:26.000000Z,2025-05-27T20:35:34.443379Z,1100,72,49
2025-05-27T20:30:27.000000Z,2025-05-27T20:35:34.873974Z,1100,72,49
2025-05-27T20:30:28.000000Z,2025-05-27T20:35:35.348114Z,1100,72,49
2025-05-27T20:30:29.000000Z,2025-05-27T20:35:35.673932Z,1100,72,49
2025-05-27T20:30:30.000000Z,2025-05-27T20:35:36.080576Z,1100,72,49
2025-05-27T20:30:31.000000Z,2025-05-27T20:35:36.462215Z,1100,72,49
2025-05-27T20:30:32.000000Z,2025-05-27T20:35:36.890055Z,1100,72,49
2025-05-27T20:30:33.000000Z,2025-05-27T20:35:37.407207Z,1100,72,49
2025-05-27T20:30:34.000000Z,2025-05-27T20:35:39.477408Z,1100,72,49
2025-05-27T20:30:35.000000Z,2025-05-27T20:35:39.941596Z,1100,72,49
2025-05-27T20:30:36.000000Z,2025-05-27T20:35:40.360386Z,1100,72,49
2025-05-27T20:30:37.000000Z,2025-05-27T20:35:40.757295Z,1100,72,49
2025-05-27T20:30:38.000000Z,2025-05-27T20:35:41.198667Z,1100,72,49
2025-05-27T20:30:39.000000Z,2025-05-27T20:35:42.040012Z,1100,72,49
2025-05-27T20:30:40.000000Z,2025-05-27T20:35:41.990338Z,1100,72,49
2025-05-27T20:30:41.000000Z,2025-05-27T20:35:42.477734Z,1100,72,49
2025-05-27T20:30:42.000000Z,2025-05-27T20:35:42.892966Z,1100,72,49
2025-05-27T20:30:43.000000Z,2025-05-27T20:35:43.317185Z,1100,72,49
2025-05-27T20:30:44.000000Z,2025-05-27T20:35:43.687810Z,1100,72,49
2025-05-27T20:30:45.000000Z,2025-05-27T20:35:44.099086Z,1100,72,49
2025-05-27T20:30:46.000000Z,2025-05-27T20:35:44.489769Z,1100,72,49
2025-05-27T20:30:47.000000Z,2025-05-27T20:35:44.908353Z,1100,72,49
2025-05-27T20:30:48.000000Z,2025-05-27T20:35:45.360511Z,1100,72,49
2025-05-27T20:30:49.000000Z,2025-05-27T20:35:45.758423Z,1100,72,49
2025-05-27T20:30:50.000000Z,2025-05-27T20:35:46.190532Z,1100,72,49
2025-05-27T20:30:51.000000Z,2025-05-27T20:35:46.589456Z,1100,72,49
2025-05-27T20:30:52.000000Z,2025-05-27T20:35:46.996102Z,1100,72,49
2025-05-27T20:30:53.000000Z,2025-05-27T20:35:47.499274Z,1100,72,49
2025-05-27T20:30:54.000000Z,2025-05-27T20:35:48.333151Z,1100,72,49
2025-05-27T20:30:55.000000Z,2025-05-27T20:35:48.718551Z,1100,72,49
2025-05-27T20:30:56.000000Z,2025-05-27T20:35:50.709652Z,1100,72,49
2025-05-27T20:30:57.000000Z,2025-05-27T20:35:51.119578Z,1100,72,49
2025-05-27T20:30:58.000000Z,2025-05-27T20:35:51.502884Z,1100,72,49
2025-05-27T20:30:59.000000Z,2025-05-27T20:35:51.997273Z,1100,72,49
2025-05-27T20:31:00.000000Z,2025-05-27T20:35:52.448464Z,1100,72,49
2025-05-27T20:31:01.000000Z,2025-05-27T20:35:52.830709Z,1100,72,49
2025-05-27T20:31:02.000000Z,2025-05-27T20:35:53.276461Z,1100,72,49
2025-05-27T20:31:03.000000Z,2025-05-27T20:35:53.664039Z,1100,72,49
2025-05-27T20:31:04.000000Z,2025-05-27T20:35:54.029724Z,1100,72,49
2025-05-27T20:31:05.000000Z,2025-05-27T20:35:54.563094Z,1100,72,49
2025-05-27T20:31:06.000000Z,2025-05-27T20:35:55.432661Z,1100,72,49
2025-05-27T20:31:07.000000Z,2025-05-27T20:35:55.929748Z,1100,72,49
2025-05-27T20:31:08.000000Z,2025-05-27T20:35:56.260780Z,1100,72,49
2025-05-27T20:31:09.000000Z,2025-05-27T20:35:56.620835Z,1100,72,49
2025-05-27T20:31:10.000000Z,2025-05-27T20:35:56.992298Z,1100,72,49
2025-05-27T20:31:11.000000Z,2025-05-27T20:35:57.346116Z,1100,72,49
2025-05-27T20:31:12.000000Z,2025-05-27T20:35:57.854587Z,1100,72,49
2025-05-27T20:36:12.000000Z,2025-05-27T20:36:13.441368Z,1100,72,49
2025-05-27T20:40:03.000000Z,2025-05-27T20:40:04.998418Z,1100,72,49
2025-05-27T20:40:33.000000Z,2025-05-27T20:40:35.233699Z,1100,72,49
2025-05-27T20:40:59.000000Z,2025-05-27T20:41:00.872949Z,1202,0,3
2025-05-27T20:41:06.000000Z,2025-05-27T20:41:09.304426Z,1100,0,3
2025-05-27T20:41:14.000000Z,2025-05-27T20:41:17.235160Z,1230,1,4
2025-05-27T20:41:22.000000Z,2025-05-27T20:41:24.598661Z,1244,2,4
2025-05-27T20:41:29.000000Z,2025-05-27T20:41:32.339354Z,1258,3,4
2025-05-27T20:41:37.000000Z,2025-05-27T20:41:39.710779Z,1272,4,4
2025-05-27T20:41:44.000000Z,2025-05-27T20:41:47.230534Z,1286,4,5
2025-05-27T20:41:52.000000Z,2025-05-27T20:41:54.711390Z,1300,5,5
2025-05-27T20:42:00.000000Z,2025-05-27T20:42:03.168909Z,1314,6,5
2025-05-27T20:42:07.000000Z,2025-05-27T20:42:09.654767Z,1328,7,5
2025-05-27T20:42:15.000000Z,2025-05-27T20:42:18.309881Z,1342,7,5
2025-05-27T20:42:22.000000Z,2025-05-27T20:42:25.889689Z,1356,8,6
2025-05-27T20:42:30.000000Z,2025-05-27T20:42:33.375708Z,1370,9,6
2025-05-27T20:42:37.000000Z,2025-05-27T20:42:41.187379Z,1384,10,6
2025-05-27T20:42:45.000000Z,2025-05-27T20:42:48.676231Z,1100,11,6
2025-05-27T20:42:53.000000Z,2025-05-27T20:42:56.499135Z,1412,11,7
2025-05-27T20:43:00.000000Z,2025-05-27T20:43:04.170497Z,1426,12,7
2025-05-27T20:43:08.000000Z,2025-05-27T20:43:11.554508Z,1440,13,7
2025-05-27T20:43:15.000000Z,2025-05-27T20:43:19.115743Z,1454,14,7
2025-05-27T20:43:23.000000Z,2025-05-27T20:43:27.131538Z,1468,14,7
2025-05-27T20:43:30.000000Z,2025-05-27T20:43:33.724303Z,1482,15,7
2025-05-27T20:43:38.000000Z,2025-05-27T20:43:41.113309Z,1496,16,8
2025-05-27T20:43:46.000000Z,2025-05-27T20:43:49.225385Z,1510,17,8
2025-05-27T20:43:53.000000Z,2025-05-27T20:43:56.992314Z,1100,18,8
2025-05-27T20:44:08.000000Z,2025-05-27T20:44:11.814705Z,1552,19,9
2025-05-27T20:44:16.000000Z,2025-05-27T20:44:18.836729Z,1566,20,9
2025-05-27T20:44:24.000000Z,2025-05-27T20:44:27.335398Z,1580,21,9
2025-05-27T20:44:31.000000Z,2025-05-27T20:44:34.597750Z,1594,21,9
2025-05-27T20:44:39.000000Z,2025-05-27T20:44:42.655280Z,1608,22,9
2025-05-27T20:44:46.000000Z,2025-05-27T20:44:49.397117Z,1622,23,10
2025-05-27T20:44:54.000000Z,2025-05-27T20:44:58.114741Z,1636,24,10
2025-05-27T20:45:01.000000Z,2025-05-27T20:45:04.976658Z,1650,25,10
2025-05-27T20:45:09.000000Z,2025-05-27T20:45:13.369619Z,1664,25,10
2025-05-27T20:45:17.000000Z,2025-05-27T20:45:19.543115Z,1678,26,10
2025-05-27T20:45:24.000000Z,2025-05-27T20:45:28.568163Z,1692,27,11
2025-05-27T20:45:32.000000Z,2025-05-27T20:45:34.771269Z,1706,28,11
2025-05-27T20:45:39.000000Z,2025-05-27T20:45:42.955655Z,1720,28,11
2025-05-27T20:45:47.000000Z,2025-05-27T20:45:51.879604Z,1734,29,11
2025-05-27T20:45:55.000000Z,2025-05-27T20:45:58.390672Z,1748,30,12
2025-05-27T20:46:02.000000Z,2025-05-27T20:46:06.838083Z,1762,31,12
2025-05-27T20:46:10.000000Z,2025-05-27T20:46:12.717902Z,1776,32,12
2025-05-27T20:46:17.000000Z,2025-05-27T20:46:20.484477Z,1790,32,12
2025-05-27T20:46:25.000000Z,2025-05-27T20:46:27.964174Z,1804,33,12
2025-05-27T20:46:33.000000Z,2025-05-27T20:46:35.885544Z,1818,34,12
2025-05-27T20:46:40.000000Z,2025-05-27T20:46:43.658914Z,1832,35,13
2025-05-27T20:46:48.000000Z,2025-05-27T20:46:51.435508Z,1846,35,13
2025-05-27T20:46:55.000000Z,2025-05-27T20:47:00.163871Z,1860,36,13
2025-05-27T20:47:03.000000Z,2025-05-27T20:47:05.857485Z,1874,37,14
2025-05-27T20:47:10.000000Z,2025-05-27T20:47:14.146005Z,1888,38,14
2025-05-27T20:47:18.000000Z,2025-05-27T20:47:21.130593Z,1902,39,14
2025-05-27T20:47:25.000000Z,2025-05-27T20:47:29.415586Z,1916,39,14
2025-05-27T20:47:33.000000Z,2025-05-27T20:47:36.064576Z,1930,40,14
2025-05-27T20:47:41.000000Z,2025-05-27T20:47:44.803813Z,1944,41,14
2025-05-27T20:47:48.000000Z,2025-05-27T20:47:51.792941Z,1958,42,15
2025-05-27T20:47:56.000000Z,2025-05-27T20:48:00.114341Z,1972,42,15
2025-05-27T20:48:03.000000Z,2025-05-27T20:48:07.414142Z,1986,43,15
2025-05-27T20:48:11.000000Z,2025-05-27T20:48:14.846932Z,2000,44,16
2025-05-27T20:48:19.000000Z,2025-05-27T20:48:21.621076Z,2014,45,16
2025-05-27T20:48:26.000000Z,2025-05-27T20:48:30.837092Z,2029,46,16
2025-05-27T20:48:34.000000Z,2025-05-27T20:48:36.939819Z,2043,46,16
2025-05-27T20:48:42.000000Z,2025-05-27T20:48:45.173473Z,2057,47,16
2025-05-27T20:48:49.000000Z,2025-05-27T20:48:53.121651Z,2071,48,16
2025-05-27T20:48:57.000000Z,2025-05-27T20:49:00.529327Z,2085,49,17
2025-05-27T20:49:04.000000Z,2025-05-27T20:49:07.526950Z,2099,49,17
2025-05-27T20:49:12.000000Z,2025-05-27T20:49:15.868219Z,2113,50,17
2025-05-27T20:49:19.000000Z,2025-05-27T20:49:23.132387Z,2127,51,17
2025-05-27T20:49:27.000000Z,2025-05-27T20:49:30.832279Z,2141,52,18
2025-05-27T20:49:35.000000Z,2025-05-27T20:49:38.568067Z,2155,53,18
2025-05-27T20:49:42.000000Z,2025-05-27T20:49:46.441957Z,2169,53,18
2025-05-27T20:49:50.000000Z,2025-05-27T20:49:53.208413Z,1100,54,18
2025-05-27T20:49:57.000000Z,2025-05-27T20:50:01.581272Z,2197,55,18
2025-05-27T20:50:05.000000Z,2025-05-27T20:50:08.972308Z,2211,56,19
2025-05-27T20:50:13.000000Z,2025-05-27T20:50:16.558328Z,2225,56,19
2025-05-27T20:50:20.000000Z,2025-05-27T20:50:23.006689Z,2239,57,19
2025-05-27T20:50:28.000000Z,2025-05-27T20:50:31.644863Z,2253,58,19
2025-05-27T20:50:35.000000Z,2025-05-27T20:50:38.696174Z,2267,59,20
2025-05-27T20:50:43.000000Z,2025-05-27T20:50:47.804154Z,2281,60,20
2025-05-27T20:50:51.000000Z,2025-05-27T20:50:54.026448Z,1100,60,20
2025-05-27T20:50:58.000000Z,2025-05-27T20:51:02.030901Z,2309,61,20
2025-05-27T20:51:06.000000Z,2025-05-27T20:51:09.714144Z,2323,62,20
2025-05-27T20:51:13.000000Z,2025-05-27T20:51:17.303742Z,2337,63,21
2025-05-27T20:51:21.000000Z,2025-05-27T20:51:24.220474Z,2351,63,21
2025-05-27T20:51:28.000000Z,2025-05-27T20:51:32.481279Z,1100,64,21
2025-05-27T20:51:36.000000Z,2025-05-27T20:51:40.224931Z,2379,65,21
2025-05-27T20:51:44.000000Z,2025-05-27T20:51:47.716058Z,1100,66,21
2025-05-27T20:51:51.000000Z,2025-05-27T20:51:55.574698Z,2407,67,21
2025-05-27T20:51:59.000000Z,2025-05-27T20:52:02.010131Z,2421,67,22
2025-05-27T20:52:06.000000Z,2025-05-27T20:52:09.654522Z,2435,68,22
2025-05-27T20:52:14.000000Z,2025-05-27T20:52:18.278995Z,2449,69,22
2025-05-27T20:52:22.000000Z,2025-05-27T20:52:25.202338Z,2463,70,23
2025-05-27T20:52:29.000000Z,2025-05-27T20:52:33.707958Z,2477,70,23
2025-05-27T20:52:37.000000Z,2025-05-27T20:52:40.760981Z,2491,71,23
2025-05-27T20:52:44.000000Z,2025-05-27T20:52:48.601681Z,2505,72,23
2025-05-27T20:52:51.000000Z,2025-05-27T20:52:55.717794Z,2519,73,23
2025-05-27T20:52:54.000000Z,2025-05-27T20:52:57.468492Z,1100,72,49
2025-05-27T20:53:24.000000Z,2025-05-27T20:53:27.349850Z,1100,72,49
2025-05-27T20:53:54.000000Z,2025-05-27T20:53:57.009095Z,1100,72,49
2025-05-27T20:54:24.000000Z,2025-05-27T20:54:27.460188Z,1100,72,49
2025-05-27T20:54:54.000000Z,2025-05-27T20:54:57.643540Z,1100,72,49
2025-05-27T20:55:24.000000Z,2025-05-27T20:55:27.022778Z,1100,72,49
2025-05-27T20:55:54.000000Z,2025-05-27T20:55:57.546222Z,1100,72,49
2025-05-27T20:56:24.000000Z,2025-05-27T20:56:27.935364Z,1100,72,49
2025-05-27T20:56:54.000000Z,2025-05-27T20:56:57.174261Z,1100,72,49
2025-05-27T20:57:24.000000Z,2025-05-27T20:57:27.145723Z,1100,72,49
2025-05-27T20:57:54.000000Z,2025-05-27T20:57:57.016755Z,1100,72,49
2025-05-27T20:58:24.000000Z,2025-05-27T20:58:26.546277Z,1100,72,49
2025-05-27T20:58:54.000000Z,2025-05-27T20:58:57.339921Z,1100,72,49
2025-05-27T20:59:24.000000Z,2025-05-27T20:59:27.445777Z,1100,72,49
2025-05-27T20:59:54.000000Z,2025-05-27T20:59:57.557432Z,1100,72,49
2025-05-28T13:49:19.000000Z,2025-05-28T13:50:25.000556Z,0,0,0
2025-05-28T13:49:21.000000Z,2025-05-28T13:50:25.054167Z,0,0,0
2025-05-28T13:49:41.000000Z,2025-05-28T13:50:25.364284Z,0,0,0
2025-05-28T13:50:01.000000Z,2025-05-28T13:50:25.789449Z,0,0,0
2025-05-28T13:50:31.000000Z,2025-05-28T13:50:31.935694Z,0,0,0
2025-05-28T13:51:01.000000Z,2025-05-28T13:51:01.923637Z,0,0,0
2025-05-28T13:51:31.000000Z,2025-05-28T13:51:32.384093Z,0,0,0
2025-05-28T13:52:01.000000Z,2025-05-28T13:52:02.302202Z,0,0,0
2025-05-28T13:52:31.000000Z,2025-05-28T13:52:31.938458Z,0,0,0
2025-05-28T14:46:44.000000Z,2025-05-28T14:46:50.090792Z,1100,60,49
2025-05-28T14:46:46.000000Z,2025-05-28T14:46:50.486914Z,1100,60,49
2025-05-28T14:46:58.000000Z,2025-05-28T14:47:01.368305Z,1100,60,49
2025-05-28T14:47:28.000000Z,2025-05-28T14:47:30.952339Z,1100,60,49
2025-05-28T14:47:58.000000Z,2025-05-28T14:48:00.376555Z,1100,60,49
2025-05-28T14:48:18.000000Z,2025-05-28T14:48:25.786635Z,1100,60,49
2025-05-28T14:48:28.000000Z,2025-05-28T14:48:39.365157Z,1100,60,49
2025-05-28T14:48:38.000000Z,2025-05-28T14:48:39.723939Z,1100,60,49
2025-05-28T14:48:48.000000Z,2025-05-28T14:49:11.226868Z,1100,60,49
2025-05-28T14:49:09.000000Z,2025-05-28T14:49:12.467694Z,1100,60,49
2025-05-28T14:49:39.000000Z,2025-05-28T14:49:49.431040Z,1100,60,49
2025-05-28T14:49:48.000000Z,2025-05-28T14:49:49.788892Z,1100,60,49
2025-05-28T14:50:08.000000Z,2025-05-28T14:50:40.621020Z,1100,60,49
2025-05-28T14:50:39.000000Z,2025-05-28T14:50:40.974418Z,1100,60,49
2025-05-28T14:50:49.000000Z,2025-05-28T14:51:50.462943Z,1100,60,49
2025-05-28T14:51:48.000000Z,2025-05-28T14:51:50.830706Z,1100,60,49
2025-05-28T14:52:39.000000Z,2025-05-28T14:53:51.214485Z,1100,60,49
2025-05-28T14:53:49.000000Z,2025-05-28T14:53:53.822442Z,1215,0,3
2025-05-28T14:54:39.000000Z,2025-05-28T14:54:51.228143Z,1299,5,5
2025-05-28T14:54:49.000000Z,2025-05-28T14:54:53.005472Z,1327,7,5
2025-05-28T14:55:49.000000Z,2025-05-28T14:56:50.966371Z,1439,13,7
2025-05-28T14:56:49.000000Z,2025-05-28T14:56:52.774172Z,1552,19,9
2025-05-28T14:57:59.000000Z,2025-05-28T14:59:11.608233Z,1678,26,10
2025-05-28T14:59:09.000000Z,2025-05-28T14:59:13.282428Z,1100,60,49
2025-05-28T15:00:19.000000Z,2025-05-28T15:01:53.027998Z,1313,6,5
2025-05-28T15:01:50.000000Z,2025-05-28T15:01:55.820767Z,1481,15,7
2025-05-28T15:03:20.000000Z,2025-05-28T15:05:12.655708Z,1650,25,10
2025-05-28T15:05:10.000000Z,2025-05-28T15:05:15.096549Z,1846,35,13
2025-05-28T15:08:50.000000Z,2025-05-28T15:11:12.956770Z,1100,60,49
2025-05-28T15:11:11.000000Z,2025-05-28T15:11:13.337151Z,1100,60,49
2025-05-28T15:11:41.000000Z,2025-05-28T15:12:13.898712Z,1100,60,49
2025-05-28T15:12:11.000000Z,2025-05-28T15:12:14.282084Z,1100,60,49
2025-05-28T15:13:31.000000Z,2025-05-28T15:28:14.303006Z,1100,60,49
2025-05-28T15:15:31.000000Z,2025-05-28T15:28:14.672366Z,1100,60,49
2025-05-28T16:01:06.000000Z,2025-05-28T16:01:09.518045Z,0,0,0
2025-05-28T16:01:26.000000Z,2025-05-28T16:18:19.932794Z,0,0,0
2025-05-28T16:01:56.000000Z,2025-05-28T16:18:20.598932Z,0,0,0
2025-05-28T16:02:46.000000Z,2025-05-28T16:18:20.878689Z,0,0,0
2025-05-28T16:03:46.000000Z,2025-05-28T16:18:21.204067Z,0,0,0
2025-05-28T16:04:46.000000Z,2025-05-28T16:18:21.540546Z,1285,4,5
2025-05-28T16:09:46.000000Z,2025-05-28T16:18:21.862629Z,1831,35,13
2025-05-28T16:14:46.000000Z,2025-05-28T16:18:22.189465Z,2392,66,21
2025-05-28T16:14:48.000000Z,2025-05-28T16:18:22.559554Z,2392,66,21
2025-05-28T16:15:18.000000Z,2025-05-28T16:18:23.002395Z,2448,69,22
2025-05-28T16:20:18.000000Z,2025-05-28T16:20:19.408268Z,1288,4,5
2025-05-28T16:23:49.000000Z,2025-05-28T16:23:51.214060Z,1666,25,10
2025-05-28T16:24:19.000000Z,2025-05-28T16:24:21.605235Z,1722,29,11
2025-05-28T16:25:49.000000Z,2025-05-28T16:25:52.121821Z,1890,38,14
2025-05-28T16:26:19.000000Z,2025-05-28T16:26:21.836577Z,1947,41,14
2025-05-28T16:31:19.000000Z,2025-05-28T16:31:21.284679Z,2507,72,23
2025-05-28T16:36:19.000000Z,2025-05-28T16:36:21.388543Z,1496,16,8
2025-05-28T16:41:19.000000Z,2025-05-28T16:41:21.492440Z,2057,47,16
2025-05-28T16:41:21.000000Z,2025-05-28T16:41:23.444998Z,2057,47,16
2025-05-28T16:41:51.000000Z,2025-05-28T16:41:52.663862Z,2113,50,17
2025-05-28T16:46:51.000000Z,2025-05-28T16:46:52.310187Z,1100,60,0
